# Tudur's Guns armor: ghillie_suit (body-part space, see ObjArmorFeatureRenderer)
o body
v -0.28125 -0.75000 0.15625
v 0.28125 -0.75000 0.15625
v 0.28125 0.02500 0.15625
v -0.28125 0.02500 0.15625
vt 0.29688 0.29688
vt 0.45312 0.29688
vt 0.45312 0.45312
vt 0.29688 0.45312
vn 0 0 1
f 1/1/1 2/2/1 3/3/1 4/4/1
v 0.28125 -0.75000 -0.15625
v -0.28125 -0.75000 -0.15625
v -0.28125 0.02500 -0.15625
v 0.28125 0.02500 -0.15625
vt 0.29688 0.29688
vt 0.45312 0.29688
vt 0.45312 0.45312
vt 0.29688 0.45312
vn 0 0 -1
f 5/5/2 6/6/2 7/7/2 8/8/2
v 0.28125 -0.75000 0.15625
v 0.28125 -0.75000 -0.15625
v 0.28125 0.02500 -0.15625
v 0.28125 0.02500 0.15625
vt 0.29688 0.29688
vt 0.45312 0.29688
vt 0.45312 0.45312
vt 0.29688 0.45312
vn 1 0 0
f 9/9/3 10/10/3 11/11/3 12/12/3
v -0.28125 -0.75000 -0.15625
v -0.28125 -0.75000 0.15625
v -0.28125 0.02500 0.15625
v -0.28125 0.02500 -0.15625
vt 0.29688 0.29688
vt 0.45312 0.29688
vt 0.45312 0.45312
vt 0.29688 0.45312
vn -1 0 0
f 13/13/4 14/14/4 15/15/4 16/16/4
v -0.28125 0.02500 0.15625
v 0.28125 0.02500 0.15625
v 0.28125 0.02500 -0.15625
v -0.28125 0.02500 -0.15625
vt 0.29688 0.29688
vt 0.45312 0.29688
vt 0.45312 0.45312
vt 0.29688 0.45312
vn 0 1 0
f 17/17/5 18/18/5 19/19/5 20/20/5
v -0.28125 -0.75000 -0.15625
v 0.28125 -0.75000 -0.15625
v 0.28125 -0.75000 0.15625
v -0.28125 -0.75000 0.15625
vt 0.29688 0.29688
vt 0.45312 0.29688
vt 0.45312 0.45312
vt 0.29688 0.45312
vn 0 -1 0
f 21/21/6 22/22/6 23/23/6 24/24/6
v -0.34909 -0.16710 0.03608
v -0.28125 -0.16710 0.03608
v -0.28125 -0.07382 0.03608
v -0.34909 -0.07382 0.03608
vt 0.04688 0.04688
vt 0.20312 0.04688
vt 0.20312 0.20312
vt 0.04688 0.20312
vn 0 0 1
f 25/25/7 26/26/7 27/27/7 28/28/7
v -0.28125 -0.16710 -0.05720
v -0.34909 -0.16710 -0.05720
v -0.34909 -0.07382 -0.05720
v -0.28125 -0.07382 -0.05720
vt 0.04688 0.04688
vt 0.20312 0.04688
vt 0.20312 0.20312
vt 0.04688 0.20312
vn 0 0 -1
f 29/29/8 30/30/8 31/31/8 32/32/8
v -0.28125 -0.16710 0.03608
v -0.28125 -0.16710 -0.05720
v -0.28125 -0.07382 -0.05720
v -0.28125 -0.07382 0.03608
vt 0.04688 0.04688
vt 0.20312 0.04688
vt 0.20312 0.20312
vt 0.04688 0.20312
vn 1 0 0
f 33/33/9 34/34/9 35/35/9 36/36/9
v -0.34909 -0.16710 -0.05720
v -0.34909 -0.16710 0.03608
v -0.34909 -0.07382 0.03608
v -0.34909 -0.07382 -0.05720
vt 0.04688 0.04688
vt 0.20312 0.04688
vt 0.20312 0.20312
vt 0.04688 0.20312
vn -1 0 0
f 37/37/10 38/38/10 39/39/10 40/40/10
v -0.34909 -0.07382 0.03608
v -0.28125 -0.07382 0.03608
v -0.28125 -0.07382 -0.05720
v -0.34909 -0.07382 -0.05720
vt 0.04688 0.04688
vt 0.20312 0.04688
vt 0.20312 0.20312
vt 0.04688 0.20312
vn 0 1 0
f 41/41/11 42/42/11 43/43/11 44/44/11
v -0.34909 -0.16710 -0.05720
v -0.28125 -0.16710 -0.05720
v -0.28125 -0.16710 0.03608
v -0.34909 -0.16710 0.03608
vt 0.04688 0.04688
vt 0.20312 0.04688
vt 0.20312 0.20312
vt 0.04688 0.20312
vn 0 -1 0
f 45/45/12 46/46/12 47/47/12 48/48/12
v -0.23388 -0.53284 -0.15625
v -0.17465 -0.53284 -0.15625
v -0.17465 -0.47360 -0.15625
v -0.23388 -0.47360 -0.15625
vt 0.54688 0.29688
vt 0.70312 0.29688
vt 0.70312 0.45312
vt 0.54688 0.45312
vn 0 0 1
f 49/49/13 50/50/13 51/51/13 52/52/13
v -0.17465 -0.53284 -0.20685
v -0.23388 -0.53284 -0.20685
v -0.23388 -0.47360 -0.20685
v -0.17465 -0.47360 -0.20685
vt 0.54688 0.29688
vt 0.70312 0.29688
vt 0.70312 0.45312
vt 0.54688 0.45312
vn 0 0 -1
f 53/53/14 54/54/14 55/55/14 56/56/14
v -0.17465 -0.53284 -0.15625
v -0.17465 -0.53284 -0.20685
v -0.17465 -0.47360 -0.20685
v -0.17465 -0.47360 -0.15625
vt 0.54688 0.29688
vt 0.70312 0.29688
vt 0.70312 0.45312
vt 0.54688 0.45312
vn 1 0 0
f 57/57/15 58/58/15 59/59/15 60/60/15
v -0.23388 -0.53284 -0.20685
v -0.23388 -0.53284 -0.15625
v -0.23388 -0.47360 -0.15625
v -0.23388 -0.47360 -0.20685
vt 0.54688 0.29688
vt 0.70312 0.29688
vt 0.70312 0.45312
vt 0.54688 0.45312
vn -1 0 0
f 61/61/16 62/62/16 63/63/16 64/64/16
v -0.23388 -0.47360 -0.15625
v -0.17465 -0.47360 -0.15625
v -0.17465 -0.47360 -0.20685
v -0.23388 -0.47360 -0.20685
vt 0.54688 0.29688
vt 0.70312 0.29688
vt 0.70312 0.45312
vt 0.54688 0.45312
vn 0 1 0
f 65/65/17 66/66/17 67/67/17 68/68/17
v -0.23388 -0.53284 -0.20685
v -0.17465 -0.53284 -0.20685
v -0.17465 -0.53284 -0.15625
v -0.23388 -0.53284 -0.15625
vt 0.54688 0.29688
vt 0.70312 0.29688
vt 0.70312 0.45312
vt 0.54688 0.45312
vn 0 -1 0
f 69/69/18 70/70/18 71/71/18 72/72/18
v 0.00787 -0.47345 0.22577
v 0.08481 -0.47345 0.22577
v 0.08481 -0.39652 0.22577
v 0.00787 -0.39652 0.22577
vt 0.29688 0.29688
vt 0.45312 0.29688
vt 0.45312 0.45312
vt 0.29688 0.45312
vn 0 0 1
f 73/73/19 74/74/19 75/75/19 76/76/19
v 0.08481 -0.47345 0.15625
v 0.00787 -0.47345 0.15625
v 0.00787 -0.39652 0.15625
v 0.08481 -0.39652 0.15625
vt 0.29688 0.29688
vt 0.45312 0.29688
vt 0.45312 0.45312
vt 0.29688 0.45312
vn 0 0 -1
f 77/77/20 78/78/20 79/79/20 80/80/20
v 0.08481 -0.47345 0.22577
v 0.08481 -0.47345 0.15625
v 0.08481 -0.39652 0.15625
v 0.08481 -0.39652 0.22577
vt 0.29688 0.29688
vt 0.45312 0.29688
vt 0.45312 0.45312
vt 0.29688 0.45312
vn 1 0 0
f 81/81/21 82/82/21 83/83/21 84/84/21
v 0.00787 -0.47345 0.15625
v 0.00787 -0.47345 0.22577
v 0.00787 -0.39652 0.22577
v 0.00787 -0.39652 0.15625
vt 0.29688 0.29688
vt 0.45312 0.29688
vt 0.45312 0.45312
vt 0.29688 0.45312
vn -1 0 0
f 85/85/22 86/86/22 87/87/22 88/88/22
v 0.00787 -0.39652 0.22577
v 0.08481 -0.39652 0.22577
v 0.08481 -0.39652 0.15625
v 0.00787 -0.39652 0.15625
vt 0.29688 0.29688
vt 0.45312 0.29688
vt 0.45312 0.45312
vt 0.29688 0.45312
vn 0 1 0
f 89/89/23 90/90/23 91/91/23 92/92/23
v 0.00787 -0.47345 0.15625
v 0.08481 -0.47345 0.15625
v 0.08481 -0.47345 0.22577
v 0.00787 -0.47345 0.22577
vt 0.29688 0.29688
vt 0.45312 0.29688
vt 0.45312 0.45312
vt 0.29688 0.45312
vn 0 -1 0
f 93/93/24 94/94/24 95/95/24 96/96/24
v -0.33703 -0.17421 0.06964
v -0.28125 -0.17421 0.06964
v -0.28125 -0.09151 0.06964
v -0.33703 -0.09151 0.06964
vt 0.54688 0.29688
vt 0.70312 0.29688
vt 0.70312 0.45312
vt 0.54688 0.45312
vn 0 0 1
f 97/97/25 98/98/25 99/99/25 100/100/25
v -0.28125 -0.17421 -0.01305
v -0.33703 -0.17421 -0.01305
v -0.33703 -0.09151 -0.01305
v -0.28125 -0.09151 -0.01305
vt 0.54688 0.29688
vt 0.70312 0.29688
vt 0.70312 0.45312
vt 0.54688 0.45312
vn 0 0 -1
f 101/101/26 102/102/26 103/103/26 104/104/26
v -0.28125 -0.17421 0.06964
v -0.28125 -0.17421 -0.01305
v -0.28125 -0.09151 -0.01305
v -0.28125 -0.09151 0.06964
vt 0.54688 0.29688
vt 0.70312 0.29688
vt 0.70312 0.45312
vt 0.54688 0.45312
vn 1 0 0
f 105/105/27 106/106/27 107/107/27 108/108/27
v -0.33703 -0.17421 -0.01305
v -0.33703 -0.17421 0.06964
v -0.33703 -0.09151 0.06964
v -0.33703 -0.09151 -0.01305
vt 0.54688 0.29688
vt 0.70312 0.29688
vt 0.70312 0.45312
vt 0.54688 0.45312
vn -1 0 0
f 109/109/28 110/110/28 111/111/28 112/112/28
v -0.33703 -0.09151 0.06964
v -0.28125 -0.09151 0.06964
v -0.28125 -0.09151 -0.01305
v -0.33703 -0.09151 -0.01305
vt 0.54688 0.29688
vt 0.70312 0.29688
vt 0.70312 0.45312
vt 0.54688 0.45312
vn 0 1 0
f 113/113/29 114/114/29 115/115/29 116/116/29
v -0.33703 -0.17421 -0.01305
v -0.28125 -0.17421 -0.01305
v -0.28125 -0.17421 0.06964
v -0.33703 -0.17421 0.06964
vt 0.54688 0.29688
vt 0.70312 0.29688
vt 0.70312 0.45312
vt 0.54688 0.45312
vn 0 -1 0
f 117/117/30 118/118/30 119/119/30 120/120/30
v 0.02427 -0.18819 0.19076
v 0.07725 -0.18819 0.19076
v 0.07725 -0.13521 0.19076
v 0.02427 -0.13521 0.19076
vt 0.54688 0.29688
vt 0.70312 0.29688
vt 0.70312 0.45312
vt 0.54688 0.45312
vn 0 0 1
f 121/121/31 122/122/31 123/123/31 124/124/31
v 0.07725 -0.18819 0.15625
v 0.02427 -0.18819 0.15625
v 0.02427 -0.13521 0.15625
v 0.07725 -0.13521 0.15625
vt 0.54688 0.29688
vt 0.70312 0.29688
vt 0.70312 0.45312
vt 0.54688 0.45312
vn 0 0 -1
f 125/125/32 126/126/32 127/127/32 128/128/32
v 0.07725 -0.18819 0.19076
v 0.07725 -0.18819 0.15625
v 0.07725 -0.13521 0.15625
v 0.07725 -0.13521 0.19076
vt 0.54688 0.29688
vt 0.70312 0.29688
vt 0.70312 0.45312
vt 0.54688 0.45312
vn 1 0 0
f 129/129/33 130/130/33 131/131/33 132/132/33
v 0.02427 -0.18819 0.15625
v 0.02427 -0.18819 0.19076
v 0.02427 -0.13521 0.19076
v 0.02427 -0.13521 0.15625
vt 0.54688 0.29688
vt 0.70312 0.29688
vt 0.70312 0.45312
vt 0.54688 0.45312
vn -1 0 0
f 133/133/34 134/134/34 135/135/34 136/136/34
v 0.02427 -0.13521 0.19076
v 0.07725 -0.13521 0.19076
v 0.07725 -0.13521 0.15625
v 0.02427 -0.13521 0.15625
vt 0.54688 0.29688
vt 0.70312 0.29688
vt 0.70312 0.45312
vt 0.54688 0.45312
vn 0 1 0
f 137/137/35 138/138/35 139/139/35 140/140/35
v 0.02427 -0.18819 0.15625
v 0.07725 -0.18819 0.15625
v 0.07725 -0.18819 0.19076
v 0.02427 -0.18819 0.19076
vt 0.54688 0.29688
vt 0.70312 0.29688
vt 0.70312 0.45312
vt 0.54688 0.45312
vn 0 -1 0
f 141/141/36 142/142/36 143/143/36 144/144/36
v 0.28125 -0.39867 0.06975
v 0.34837 -0.39867 0.06975
v 0.34837 -0.32665 0.06975
v 0.28125 -0.32665 0.06975
vt 0.54688 0.29688
vt 0.70312 0.29688
vt 0.70312 0.45312
vt 0.54688 0.45312
vn 0 0 1
f 145/145/37 146/146/37 147/147/37 148/148/37
v 0.34837 -0.39867 -0.00228
v 0.28125 -0.39867 -0.00228
v 0.28125 -0.32665 -0.00228
v 0.34837 -0.32665 -0.00228
vt 0.54688 0.29688
vt 0.70312 0.29688
vt 0.70312 0.45312
vt 0.54688 0.45312
vn 0 0 -1
f 149/149/38 150/150/38 151/151/38 152/152/38
v 0.34837 -0.39867 0.06975
v 0.34837 -0.39867 -0.00228
v 0.34837 -0.32665 -0.00228
v 0.34837 -0.32665 0.06975
vt 0.54688 0.29688
vt 0.70312 0.29688
vt 0.70312 0.45312
vt 0.54688 0.45312
vn 1 0 0
f 153/153/39 154/154/39 155/155/39 156/156/39
v 0.28125 -0.39867 -0.00228
v 0.28125 -0.39867 0.06975
v 0.28125 -0.32665 0.06975
v 0.28125 -0.32665 -0.00228
vt 0.54688 0.29688
vt 0.70312 0.29688
vt 0.70312 0.45312
vt 0.54688 0.45312
vn -1 0 0
f 157/157/40 158/158/40 159/159/40 160/160/40
v 0.28125 -0.32665 0.06975
v 0.34837 -0.32665 0.06975
v 0.34837 -0.32665 -0.00228
v 0.28125 -0.32665 -0.00228
vt 0.54688 0.29688
vt 0.70312 0.29688
vt 0.70312 0.45312
vt 0.54688 0.45312
vn 0 1 0
f 161/161/41 162/162/41 163/163/41 164/164/41
v 0.28125 -0.39867 -0.00228
v 0.34837 -0.39867 -0.00228
v 0.34837 -0.39867 0.06975
v 0.28125 -0.39867 0.06975
vt 0.54688 0.29688
vt 0.70312 0.29688
vt 0.70312 0.45312
vt 0.54688 0.45312
vn 0 -1 0
f 165/165/42 166/166/42 167/167/42 168/168/42
v 0.06532 -0.52863 0.19516
v 0.13818 -0.52863 0.19516
v 0.13818 -0.45577 0.19516
v 0.06532 -0.45577 0.19516
vt 0.29688 0.29688
vt 0.45312 0.29688
vt 0.45312 0.45312
vt 0.29688 0.45312
vn 0 0 1
f 169/169/43 170/170/43 171/171/43 172/172/43
v 0.13818 -0.52863 0.15625
v 0.06532 -0.52863 0.15625
v 0.06532 -0.45577 0.15625
v 0.13818 -0.45577 0.15625
vt 0.29688 0.29688
vt 0.45312 0.29688
vt 0.45312 0.45312
vt 0.29688 0.45312
vn 0 0 -1
f 173/173/44 174/174/44 175/175/44 176/176/44
v 0.13818 -0.52863 0.19516
v 0.13818 -0.52863 0.15625
v 0.13818 -0.45577 0.15625
v 0.13818 -0.45577 0.19516
vt 0.29688 0.29688
vt 0.45312 0.29688
vt 0.45312 0.45312
vt 0.29688 0.45312
vn 1 0 0
f 177/177/45 178/178/45 179/179/45 180/180/45
v 0.06532 -0.52863 0.15625
v 0.06532 -0.52863 0.19516
v 0.06532 -0.45577 0.19516
v 0.06532 -0.45577 0.15625
vt 0.29688 0.29688
vt 0.45312 0.29688
vt 0.45312 0.45312
vt 0.29688 0.45312
vn -1 0 0
f 181/181/46 182/182/46 183/183/46 184/184/46
v 0.06532 -0.45577 0.19516
v 0.13818 -0.45577 0.19516
v 0.13818 -0.45577 0.15625
v 0.06532 -0.45577 0.15625
vt 0.29688 0.29688
vt 0.45312 0.29688
vt 0.45312 0.45312
vt 0.29688 0.45312
vn 0 1 0
f 185/185/47 186/186/47 187/187/47 188/188/47
v 0.06532 -0.52863 0.15625
v 0.13818 -0.52863 0.15625
v 0.13818 -0.52863 0.19516
v 0.06532 -0.52863 0.19516
vt 0.29688 0.29688
vt 0.45312 0.29688
vt 0.45312 0.45312
vt 0.29688 0.45312
vn 0 -1 0
f 189/189/48 190/190/48 191/191/48 192/192/48
v -0.08631 -0.15794 -0.15625
v -0.01067 -0.15794 -0.15625
v -0.01067 -0.08229 -0.15625
v -0.08631 -0.08229 -0.15625
vt 0.29688 0.29688
vt 0.45312 0.29688
vt 0.45312 0.45312
vt 0.29688 0.45312
vn 0 0 1
f 193/193/49 194/194/49 195/195/49 196/196/49
v -0.01067 -0.15794 -0.18274
v -0.08631 -0.15794 -0.18274
v -0.08631 -0.08229 -0.18274
v -0.01067 -0.08229 -0.18274
vt 0.29688 0.29688
vt 0.45312 0.29688
vt 0.45312 0.45312
vt 0.29688 0.45312
vn 0 0 -1
f 197/197/50 198/198/50 199/199/50 200/200/50
v -0.01067 -0.15794 -0.15625
v -0.01067 -0.15794 -0.18274
v -0.01067 -0.08229 -0.18274
v -0.01067 -0.08229 -0.15625
vt 0.29688 0.29688
vt 0.45312 0.29688
vt 0.45312 0.45312
vt 0.29688 0.45312
vn 1 0 0
f 201/201/51 202/202/51 203/203/51 204/204/51
v -0.08631 -0.15794 -0.18274
v -0.08631 -0.15794 -0.15625
v -0.08631 -0.08229 -0.15625
v -0.08631 -0.08229 -0.18274
vt 0.29688 0.29688
vt 0.45312 0.29688
vt 0.45312 0.45312
vt 0.29688 0.45312
vn -1 0 0
f 205/205/52 206/206/52 207/207/52 208/208/52
v -0.08631 -0.08229 -0.15625
v -0.01067 -0.08229 -0.15625
v -0.01067 -0.08229 -0.18274
v -0.08631 -0.08229 -0.18274
vt 0.29688 0.29688
vt 0.45312 0.29688
vt 0.45312 0.45312
vt 0.29688 0.45312
vn 0 1 0
f 209/209/53 210/210/53 211/211/53 212/212/53
v -0.08631 -0.15794 -0.18274
v -0.01067 -0.15794 -0.18274
v -0.01067 -0.15794 -0.15625
v -0.08631 -0.15794 -0.15625
vt 0.29688 0.29688
vt 0.45312 0.29688
vt 0.45312 0.45312
vt 0.29688 0.45312
vn 0 -1 0
f 213/213/54 214/214/54 215/215/54 216/216/54
v -0.30709 -0.08099 -0.04758
v -0.28125 -0.08099 -0.04758
v -0.28125 -0.02765 -0.04758
v -0.30709 -0.02765 -0.04758
vt 0.29688 0.29688
vt 0.45312 0.29688
vt 0.45312 0.45312
vt 0.29688 0.45312
vn 0 0 1
f 217/217/55 218/218/55 219/219/55 220/220/55
v -0.28125 -0.08099 -0.10092
v -0.30709 -0.08099 -0.10092
v -0.30709 -0.02765 -0.10092
v -0.28125 -0.02765 -0.10092
vt 0.29688 0.29688
vt 0.45312 0.29688
vt 0.45312 0.45312
vt 0.29688 0.45312
vn 0 0 -1
f 221/221/56 222/222/56 223/223/56 224/224/56
v -0.28125 -0.08099 -0.04758
v -0.28125 -0.08099 -0.10092
v -0.28125 -0.02765 -0.10092
v -0.28125 -0.02765 -0.04758
vt 0.29688 0.29688
vt 0.45312 0.29688
vt 0.45312 0.45312
vt 0.29688 0.45312
vn 1 0 0
f 225/225/57 226/226/57 227/227/57 228/228/57
v -0.30709 -0.08099 -0.10092
v -0.30709 -0.08099 -0.04758
v -0.30709 -0.02765 -0.04758
v -0.30709 -0.02765 -0.10092
vt 0.29688 0.29688
vt 0.45312 0.29688
vt 0.45312 0.45312
vt 0.29688 0.45312
vn -1 0 0
f 229/229/58 230/230/58 231/231/58 232/232/58
v -0.30709 -0.02765 -0.04758
v -0.28125 -0.02765 -0.04758
v -0.28125 -0.02765 -0.10092
v -0.30709 -0.02765 -0.10092
vt 0.29688 0.29688
vt 0.45312 0.29688
vt 0.45312 0.45312
vt 0.29688 0.45312
vn 0 1 0
f 233/233/59 234/234/59 235/235/59 236/236/59
v -0.30709 -0.08099 -0.10092
v -0.28125 -0.08099 -0.10092
v -0.28125 -0.08099 -0.04758
v -0.30709 -0.08099 -0.04758
vt 0.29688 0.29688
vt 0.45312 0.29688
vt 0.45312 0.45312
vt 0.29688 0.45312
vn 0 -1 0
f 237/237/60 238/238/60 239/239/60 240/240/60
v -0.07597 -0.35278 0.23027
v -0.00247 -0.35278 0.23027
v -0.00247 -0.27928 0.23027
v -0.07597 -0.27928 0.23027
vt 0.04688 0.04688
vt 0.20312 0.04688
vt 0.20312 0.20312
vt 0.04688 0.20312
vn 0 0 1
f 241/241/61 242/242/61 243/243/61 244/244/61
v -0.00247 -0.35278 0.15625
v -0.07597 -0.35278 0.15625
v -0.07597 -0.27928 0.15625
v -0.00247 -0.27928 0.15625
vt 0.04688 0.04688
vt 0.20312 0.04688
vt 0.20312 0.20312
vt 0.04688 0.20312
vn 0 0 -1
f 245/245/62 246/246/62 247/247/62 248/248/62
v -0.00247 -0.35278 0.23027
v -0.00247 -0.35278 0.15625
v -0.00247 -0.27928 0.15625
v -0.00247 -0.27928 0.23027
vt 0.04688 0.04688
vt 0.20312 0.04688
vt 0.20312 0.20312
vt 0.04688 0.20312
vn 1 0 0
f 249/249/63 250/250/63 251/251/63 252/252/63
v -0.07597 -0.35278 0.15625
v -0.07597 -0.35278 0.23027
v -0.07597 -0.27928 0.23027
v -0.07597 -0.27928 0.15625
vt 0.04688 0.04688
vt 0.20312 0.04688
vt 0.20312 0.20312
vt 0.04688 0.20312
vn -1 0 0
f 253/253/64 254/254/64 255/255/64 256/256/64
v -0.07597 -0.27928 0.23027
v -0.00247 -0.27928 0.23027
v -0.00247 -0.27928 0.15625
v -0.07597 -0.27928 0.15625
vt 0.04688 0.04688
vt 0.20312 0.04688
vt 0.20312 0.20312
vt 0.04688 0.20312
vn 0 1 0
f 257/257/65 258/258/65 259/259/65 260/260/65
v -0.07597 -0.35278 0.15625
v -0.00247 -0.35278 0.15625
v -0.00247 -0.35278 0.23027
v -0.07597 -0.35278 0.23027
vt 0.04688 0.04688
vt 0.20312 0.04688
vt 0.20312 0.20312
vt 0.04688 0.20312
vn 0 -1 0
f 261/261/66 262/262/66 263/263/66 264/264/66
v -0.13387 -0.73961 -0.15625
v -0.04494 -0.73961 -0.15625
v -0.04494 -0.65068 -0.15625
v -0.13387 -0.65068 -0.15625
vt 0.29688 0.29688
vt 0.45312 0.29688
vt 0.45312 0.45312
vt 0.29688 0.45312
vn 0 0 1
f 265/265/67 266/266/67 267/267/67 268/268/67
v -0.04494 -0.73961 -0.19474
v -0.13387 -0.73961 -0.19474
v -0.13387 -0.65068 -0.19474
v -0.04494 -0.65068 -0.19474
vt 0.29688 0.29688
vt 0.45312 0.29688
vt 0.45312 0.45312
vt 0.29688 0.45312
vn 0 0 -1
f 269/269/68 270/270/68 271/271/68 272/272/68
v -0.04494 -0.73961 -0.15625
v -0.04494 -0.73961 -0.19474
v -0.04494 -0.65068 -0.19474
v -0.04494 -0.65068 -0.15625
vt 0.29688 0.29688
vt 0.45312 0.29688
vt 0.45312 0.45312
vt 0.29688 0.45312
vn 1 0 0
f 273/273/69 274/274/69 275/275/69 276/276/69
v -0.13387 -0.73961 -0.19474
v -0.13387 -0.73961 -0.15625
v -0.13387 -0.65068 -0.15625
v -0.13387 -0.65068 -0.19474
vt 0.29688 0.29688
vt 0.45312 0.29688
vt 0.45312 0.45312
vt 0.29688 0.45312
vn -1 0 0
f 277/277/70 278/278/70 279/279/70 280/280/70
v -0.13387 -0.65068 -0.15625
v -0.04494 -0.65068 -0.15625
v -0.04494 -0.65068 -0.19474
v -0.13387 -0.65068 -0.19474
vt 0.29688 0.29688
vt 0.45312 0.29688
vt 0.45312 0.45312
vt 0.29688 0.45312
vn 0 1 0
f 281/281/71 282/282/71 283/283/71 284/284/71
v -0.13387 -0.73961 -0.19474
v -0.04494 -0.73961 -0.19474
v -0.04494 -0.73961 -0.15625
v -0.13387 -0.73961 -0.15625
vt 0.29688 0.29688
vt 0.45312 0.29688
vt 0.45312 0.45312
vt 0.29688 0.45312
vn 0 -1 0
f 285/285/72 286/286/72 287/287/72 288/288/72
v -0.31215 -0.74247 0.09045
v -0.28125 -0.74247 0.09045
v -0.28125 -0.65457 0.09045
v -0.31215 -0.65457 0.09045
vt 0.54688 0.29688
vt 0.70312 0.29688
vt 0.70312 0.45312
vt 0.54688 0.45312
vn 0 0 1
f 289/289/73 290/290/73 291/291/73 292/292/73
v -0.28125 -0.74247 0.00254
v -0.31215 -0.74247 0.00254
v -0.31215 -0.65457 0.00254
v -0.28125 -0.65457 0.00254
vt 0.54688 0.29688
vt 0.70312 0.29688
vt 0.70312 0.45312
vt 0.54688 0.45312
vn 0 0 -1
f 293/293/74 294/294/74 295/295/74 296/296/74
v -0.28125 -0.74247 0.09045
v -0.28125 -0.74247 0.00254
v -0.28125 -0.65457 0.00254
v -0.28125 -0.65457 0.09045
vt 0.54688 0.29688
vt 0.70312 0.29688
vt 0.70312 0.45312
vt 0.54688 0.45312
vn 1 0 0
f 297/297/75 298/298/75 299/299/75 300/300/75
v -0.31215 -0.74247 0.00254
v -0.31215 -0.74247 0.09045
v -0.31215 -0.65457 0.09045
v -0.31215 -0.65457 0.00254
vt 0.54688 0.29688
vt 0.70312 0.29688
vt 0.70312 0.45312
vt 0.54688 0.45312
vn -1 0 0
f 301/301/76 302/302/76 303/303/76 304/304/76
v -0.31215 -0.65457 0.09045
v -0.28125 -0.65457 0.09045
v -0.28125 -0.65457 0.00254
v -0.31215 -0.65457 0.00254
vt 0.54688 0.29688
vt 0.70312 0.29688
vt 0.70312 0.45312
vt 0.54688 0.45312
vn 0 1 0
f 305/305/77 306/306/77 307/307/77 308/308/77
v -0.31215 -0.74247 0.00254
v -0.28125 -0.74247 0.00254
v -0.28125 -0.74247 0.09045
v -0.31215 -0.74247 0.09045
vt 0.54688 0.29688
vt 0.70312 0.29688
vt 0.70312 0.45312
vt 0.54688 0.45312
vn 0 -1 0
f 309/309/78 310/310/78 311/311/78 312/312/78
v -0.31513 -0.61935 0.03322
v -0.28125 -0.61935 0.03322
v -0.28125 -0.52950 0.03322
v -0.31513 -0.52950 0.03322
vt 0.54688 0.29688
vt 0.70312 0.29688
vt 0.70312 0.45312
vt 0.54688 0.45312
vn 0 0 1
f 313/313/79 314/314/79 315/315/79 316/316/79
v -0.28125 -0.61935 -0.05663
v -0.31513 -0.61935 -0.05663
v -0.31513 -0.52950 -0.05663
v -0.28125 -0.52950 -0.05663
vt 0.54688 0.29688
vt 0.70312 0.29688
vt 0.70312 0.45312
vt 0.54688 0.45312
vn 0 0 -1
f 317/317/80 318/318/80 319/319/80 320/320/80
v -0.28125 -0.61935 0.03322
v -0.28125 -0.61935 -0.05663
v -0.28125 -0.52950 -0.05663
v -0.28125 -0.52950 0.03322
vt 0.54688 0.29688
vt 0.70312 0.29688
vt 0.70312 0.45312
vt 0.54688 0.45312
vn 1 0 0
f 321/321/81 322/322/81 323/323/81 324/324/81
v -0.31513 -0.61935 -0.05663
v -0.31513 -0.61935 0.03322
v -0.31513 -0.52950 0.03322
v -0.31513 -0.52950 -0.05663
vt 0.54688 0.29688
vt 0.70312 0.29688
vt 0.70312 0.45312
vt 0.54688 0.45312
vn -1 0 0
f 325/325/82 326/326/82 327/327/82 328/328/82
v -0.31513 -0.52950 0.03322
v -0.28125 -0.52950 0.03322
v -0.28125 -0.52950 -0.05663
v -0.31513 -0.52950 -0.05663
vt 0.54688 0.29688
vt 0.70312 0.29688
vt 0.70312 0.45312
vt 0.54688 0.45312
vn 0 1 0
f 329/329/83 330/330/83 331/331/83 332/332/83
v -0.31513 -0.61935 -0.05663
v -0.28125 -0.61935 -0.05663
v -0.28125 -0.61935 0.03322
v -0.31513 -0.61935 0.03322
vt 0.54688 0.29688
vt 0.70312 0.29688
vt 0.70312 0.45312
vt 0.54688 0.45312
vn 0 -1 0
f 333/333/84 334/334/84 335/335/84 336/336/84
v -0.07443 -0.60013 -0.15625
v -0.00347 -0.60013 -0.15625
v -0.00347 -0.52917 -0.15625
v -0.07443 -0.52917 -0.15625
vt 0.04688 0.04688
vt 0.20312 0.04688
vt 0.20312 0.20312
vt 0.04688 0.20312
vn 0 0 1
f 337/337/85 338/338/85 339/339/85 340/340/85
v -0.00347 -0.60013 -0.20044
v -0.07443 -0.60013 -0.20044
v -0.07443 -0.52917 -0.20044
v -0.00347 -0.52917 -0.20044
vt 0.04688 0.04688
vt 0.20312 0.04688
vt 0.20312 0.20312
vt 0.04688 0.20312
vn 0 0 -1
f 341/341/86 342/342/86 343/343/86 344/344/86
v -0.00347 -0.60013 -0.15625
v -0.00347 -0.60013 -0.20044
v -0.00347 -0.52917 -0.20044
v -0.00347 -0.52917 -0.15625
vt 0.04688 0.04688
vt 0.20312 0.04688
vt 0.20312 0.20312
vt 0.04688 0.20312
vn 1 0 0
f 345/345/87 346/346/87 347/347/87 348/348/87
v -0.07443 -0.60013 -0.20044
v -0.07443 -0.60013 -0.15625
v -0.07443 -0.52917 -0.15625
v -0.07443 -0.52917 -0.20044
vt 0.04688 0.04688
vt 0.20312 0.04688
vt 0.20312 0.20312
vt 0.04688 0.20312
vn -1 0 0
f 349/349/88 350/350/88 351/351/88 352/352/88
v -0.07443 -0.52917 -0.15625
v -0.00347 -0.52917 -0.15625
v -0.00347 -0.52917 -0.20044
v -0.07443 -0.52917 -0.20044
vt 0.04688 0.04688
vt 0.20312 0.04688
vt 0.20312 0.20312
vt 0.04688 0.20312
vn 0 1 0
f 353/353/89 354/354/89 355/355/89 356/356/89
v -0.07443 -0.60013 -0.20044
v -0.00347 -0.60013 -0.20044
v -0.00347 -0.60013 -0.15625
v -0.07443 -0.60013 -0.15625
vt 0.04688 0.04688
vt 0.20312 0.04688
vt 0.20312 0.20312
vt 0.04688 0.20312
vn 0 -1 0
f 357/357/90 358/358/90 359/359/90 360/360/90
v 0.28125 -0.73662 0.15579
v 0.35499 -0.73662 0.15579
v 0.35499 -0.64340 0.15579
v 0.28125 -0.64340 0.15579
vt 0.79688 0.29688
vt 0.95312 0.29688
vt 0.95312 0.45312
vt 0.79688 0.45312
vn 0 0 1
f 361/361/91 362/362/91 363/363/91 364/364/91
v 0.35499 -0.73662 0.06257
v 0.28125 -0.73662 0.06257
v 0.28125 -0.64340 0.06257
v 0.35499 -0.64340 0.06257
vt 0.79688 0.29688
vt 0.95312 0.29688
vt 0.95312 0.45312
vt 0.79688 0.45312
vn 0 0 -1
f 365/365/92 366/366/92 367/367/92 368/368/92
v 0.35499 -0.73662 0.15579
v 0.35499 -0.73662 0.06257
v 0.35499 -0.64340 0.06257
v 0.35499 -0.64340 0.15579
vt 0.79688 0.29688
vt 0.95312 0.29688
vt 0.95312 0.45312
vt 0.79688 0.45312
vn 1 0 0
f 369/369/93 370/370/93 371/371/93 372/372/93
v 0.28125 -0.73662 0.06257
v 0.28125 -0.73662 0.15579
v 0.28125 -0.64340 0.15579
v 0.28125 -0.64340 0.06257
vt 0.79688 0.29688
vt 0.95312 0.29688
vt 0.95312 0.45312
vt 0.79688 0.45312
vn -1 0 0
f 373/373/94 374/374/94 375/375/94 376/376/94
v 0.28125 -0.64340 0.15579
v 0.35499 -0.64340 0.15579
v 0.35499 -0.64340 0.06257
v 0.28125 -0.64340 0.06257
vt 0.79688 0.29688
vt 0.95312 0.29688
vt 0.95312 0.45312
vt 0.79688 0.45312
vn 0 1 0
f 377/377/95 378/378/95 379/379/95 380/380/95
v 0.28125 -0.73662 0.06257
v 0.35499 -0.73662 0.06257
v 0.35499 -0.73662 0.15579
v 0.28125 -0.73662 0.15579
vt 0.79688 0.29688
vt 0.95312 0.29688
vt 0.95312 0.45312
vt 0.79688 0.45312
vn 0 -1 0
f 381/381/96 382/382/96 383/383/96 384/384/96
v -0.26050 -0.64678 -0.15625
v -0.19079 -0.64678 -0.15625
v -0.19079 -0.57706 -0.15625
v -0.26050 -0.57706 -0.15625
vt 0.29688 0.29688
vt 0.45312 0.29688
vt 0.45312 0.45312
vt 0.29688 0.45312
vn 0 0 1
f 385/385/97 386/386/97 387/387/97 388/388/97
v -0.19079 -0.64678 -0.22397
v -0.26050 -0.64678 -0.22397
v -0.26050 -0.57706 -0.22397
v -0.19079 -0.57706 -0.22397
vt 0.29688 0.29688
vt 0.45312 0.29688
vt 0.45312 0.45312
vt 0.29688 0.45312
vn 0 0 -1
f 389/389/98 390/390/98 391/391/98 392/392/98
v -0.19079 -0.64678 -0.15625
v -0.19079 -0.64678 -0.22397
v -0.19079 -0.57706 -0.22397
v -0.19079 -0.57706 -0.15625
vt 0.29688 0.29688
vt 0.45312 0.29688
vt 0.45312 0.45312
vt 0.29688 0.45312
vn 1 0 0
f 393/393/99 394/394/99 395/395/99 396/396/99
v -0.26050 -0.64678 -0.22397
v -0.26050 -0.64678 -0.15625
v -0.26050 -0.57706 -0.15625
v -0.26050 -0.57706 -0.22397
vt 0.29688 0.29688
vt 0.45312 0.29688
vt 0.45312 0.45312
vt 0.29688 0.45312
vn -1 0 0
f 397/397/100 398/398/100 399/399/100 400/400/100
v -0.26050 -0.57706 -0.15625
v -0.19079 -0.57706 -0.15625
v -0.19079 -0.57706 -0.22397
v -0.26050 -0.57706 -0.22397
vt 0.29688 0.29688
vt 0.45312 0.29688
vt 0.45312 0.45312
vt 0.29688 0.45312
vn 0 1 0
f 401/401/101 402/402/101 403/403/101 404/404/101
v -0.26050 -0.64678 -0.22397
v -0.19079 -0.64678 -0.22397
v -0.19079 -0.64678 -0.15625
v -0.26050 -0.64678 -0.15625
vt 0.29688 0.29688
vt 0.45312 0.29688
vt 0.45312 0.45312
vt 0.29688 0.45312
vn 0 -1 0
f 405/405/102 406/406/102 407/407/102 408/408/102
v -0.34488 -0.47501 0.11389
v -0.28125 -0.47501 0.11389
v -0.28125 -0.41210 0.11389
v -0.34488 -0.41210 0.11389
vt 0.79688 0.29688
vt 0.95312 0.29688
vt 0.95312 0.45312
vt 0.79688 0.45312
vn 0 0 1
f 409/409/103 410/410/103 411/411/103 412/412/103
v -0.28125 -0.47501 0.05098
v -0.34488 -0.47501 0.05098
v -0.34488 -0.41210 0.05098
v -0.28125 -0.41210 0.05098
vt 0.79688 0.29688
vt 0.95312 0.29688
vt 0.95312 0.45312
vt 0.79688 0.45312
vn 0 0 -1
f 413/413/104 414/414/104 415/415/104 416/416/104
v -0.28125 -0.47501 0.11389
v -0.28125 -0.47501 0.05098
v -0.28125 -0.41210 0.05098
v -0.28125 -0.41210 0.11389
vt 0.79688 0.29688
vt 0.95312 0.29688
vt 0.95312 0.45312
vt 0.79688 0.45312
vn 1 0 0
f 417/417/105 418/418/105 419/419/105 420/420/105
v -0.34488 -0.47501 0.05098
v -0.34488 -0.47501 0.11389
v -0.34488 -0.41210 0.11389
v -0.34488 -0.41210 0.05098
vt 0.79688 0.29688
vt 0.95312 0.29688
vt 0.95312 0.45312
vt 0.79688 0.45312
vn -1 0 0
f 421/421/106 422/422/106 423/423/106 424/424/106
v -0.34488 -0.41210 0.11389
v -0.28125 -0.41210 0.11389
v -0.28125 -0.41210 0.05098
v -0.34488 -0.41210 0.05098
vt 0.79688 0.29688
vt 0.95312 0.29688
vt 0.95312 0.45312
vt 0.79688 0.45312
vn 0 1 0
f 425/425/107 426/426/107 427/427/107 428/428/107
v -0.34488 -0.47501 0.05098
v -0.28125 -0.47501 0.05098
v -0.28125 -0.47501 0.11389
v -0.34488 -0.47501 0.11389
vt 0.79688 0.29688
vt 0.95312 0.29688
vt 0.95312 0.45312
vt 0.79688 0.45312
vn 0 -1 0
f 429/429/108 430/430/108 431/431/108 432/432/108
v -0.27337 -0.48437 0.21039
v -0.21887 -0.48437 0.21039
v -0.21887 -0.42987 0.21039
v -0.27337 -0.42987 0.21039
vt 0.54688 0.29688
vt 0.70312 0.29688
vt 0.70312 0.45312
vt 0.54688 0.45312
vn 0 0 1
f 433/433/109 434/434/109 435/435/109 436/436/109
v -0.21887 -0.48437 0.15625
v -0.27337 -0.48437 0.15625
v -0.27337 -0.42987 0.15625
v -0.21887 -0.42987 0.15625
vt 0.54688 0.29688
vt 0.70312 0.29688
vt 0.70312 0.45312
vt 0.54688 0.45312
vn 0 0 -1
f 437/437/110 438/438/110 439/439/110 440/440/110
v -0.21887 -0.48437 0.21039
v -0.21887 -0.48437 0.15625
v -0.21887 -0.42987 0.15625
v -0.21887 -0.42987 0.21039
vt 0.54688 0.29688
vt 0.70312 0.29688
vt 0.70312 0.45312
vt 0.54688 0.45312
vn 1 0 0
f 441/441/111 442/442/111 443/443/111 444/444/111
v -0.27337 -0.48437 0.15625
v -0.27337 -0.48437 0.21039
v -0.27337 -0.42987 0.21039
v -0.27337 -0.42987 0.15625
vt 0.54688 0.29688
vt 0.70312 0.29688
vt 0.70312 0.45312
vt 0.54688 0.45312
vn -1 0 0
f 445/445/112 446/446/112 447/447/112 448/448/112
v -0.27337 -0.42987 0.21039
v -0.21887 -0.42987 0.21039
v -0.21887 -0.42987 0.15625
v -0.27337 -0.42987 0.15625
vt 0.54688 0.29688
vt 0.70312 0.29688
vt 0.70312 0.45312
vt 0.54688 0.45312
vn 0 1 0
f 449/449/113 450/450/113 451/451/113 452/452/113
v -0.27337 -0.48437 0.15625
v -0.21887 -0.48437 0.15625
v -0.21887 -0.48437 0.21039
v -0.27337 -0.48437 0.21039
vt 0.54688 0.29688
vt 0.70312 0.29688
vt 0.70312 0.45312
vt 0.54688 0.45312
vn 0 -1 0
f 453/453/114 454/454/114 455/455/114 456/456/114
v 0.12647 0.02500 -0.05103
v 0.19913 0.02500 -0.05103
v 0.19913 0.06877 -0.05103
v 0.12647 0.06877 -0.05103
vt 0.04688 0.04688
vt 0.20312 0.04688
vt 0.20312 0.20312
vt 0.04688 0.20312
vn 0 0 1
f 457/457/115 458/458/115 459/459/115 460/460/115
v 0.19913 0.02500 -0.12369
v 0.12647 0.02500 -0.12369
v 0.12647 0.06877 -0.12369
v 0.19913 0.06877 -0.12369
vt 0.04688 0.04688
vt 0.20312 0.04688
vt 0.20312 0.20312
vt 0.04688 0.20312
vn 0 0 -1
f 461/461/116 462/462/116 463/463/116 464/464/116
v 0.19913 0.02500 -0.05103
v 0.19913 0.02500 -0.12369
v 0.19913 0.06877 -0.12369
v 0.19913 0.06877 -0.05103
vt 0.04688 0.04688
vt 0.20312 0.04688
vt 0.20312 0.20312
vt 0.04688 0.20312
vn 1 0 0
f 465/465/117 466/466/117 467/467/117 468/468/117
v 0.12647 0.02500 -0.12369
v 0.12647 0.02500 -0.05103
v 0.12647 0.06877 -0.05103
v 0.12647 0.06877 -0.12369
vt 0.04688 0.04688
vt 0.20312 0.04688
vt 0.20312 0.20312
vt 0.04688 0.20312
vn -1 0 0
f 469/469/118 470/470/118 471/471/118 472/472/118
v 0.12647 0.06877 -0.05103
v 0.19913 0.06877 -0.05103
v 0.19913 0.06877 -0.12369
v 0.12647 0.06877 -0.12369
vt 0.04688 0.04688
vt 0.20312 0.04688
vt 0.20312 0.20312
vt 0.04688 0.20312
vn 0 1 0
f 473/473/119 474/474/119 475/475/119 476/476/119
v 0.12647 0.02500 -0.12369
v 0.19913 0.02500 -0.12369
v 0.19913 0.02500 -0.05103
v 0.12647 0.02500 -0.05103
vt 0.04688 0.04688
vt 0.20312 0.04688
vt 0.20312 0.20312
vt 0.04688 0.20312
vn 0 -1 0
f 477/477/120 478/478/120 479/479/120 480/480/120
v -0.31396 -0.57139 0.11009
v -0.28125 -0.57139 0.11009
v -0.28125 -0.51225 0.11009
v -0.31396 -0.51225 0.11009
vt 0.54688 0.29688
vt 0.70312 0.29688
vt 0.70312 0.45312
vt 0.54688 0.45312
vn 0 0 1
f 481/481/121 482/482/121 483/483/121 484/484/121
v -0.28125 -0.57139 0.05095
v -0.31396 -0.57139 0.05095
v -0.31396 -0.51225 0.05095
v -0.28125 -0.51225 0.05095
vt 0.54688 0.29688
vt 0.70312 0.29688
vt 0.70312 0.45312
vt 0.54688 0.45312
vn 0 0 -1
f 485/485/122 486/486/122 487/487/122 488/488/122
v -0.28125 -0.57139 0.11009
v -0.28125 -0.57139 0.05095
v -0.28125 -0.51225 0.05095
v -0.28125 -0.51225 0.11009
vt 0.54688 0.29688
vt 0.70312 0.29688
vt 0.70312 0.45312
vt 0.54688 0.45312
vn 1 0 0
f 489/489/123 490/490/123 491/491/123 492/492/123
v -0.31396 -0.57139 0.05095
v -0.31396 -0.57139 0.11009
v -0.31396 -0.51225 0.11009
v -0.31396 -0.51225 0.05095
vt 0.54688 0.29688
vt 0.70312 0.29688
vt 0.70312 0.45312
vt 0.54688 0.45312
vn -1 0 0
f 493/493/124 494/494/124 495/495/124 496/496/124
v -0.31396 -0.51225 0.11009
v -0.28125 -0.51225 0.11009
v -0.28125 -0.51225 0.05095
v -0.31396 -0.51225 0.05095
vt 0.54688 0.29688
vt 0.70312 0.29688
vt 0.70312 0.45312
vt 0.54688 0.45312
vn 0 1 0
f 497/497/125 498/498/125 499/499/125 500/500/125
v -0.31396 -0.57139 0.05095
v -0.28125 -0.57139 0.05095
v -0.28125 -0.57139 0.11009
v -0.31396 -0.57139 0.11009
vt 0.54688 0.29688
vt 0.70312 0.29688
vt 0.70312 0.45312
vt 0.54688 0.45312
vn 0 -1 0
f 501/501/126 502/502/126 503/503/126 504/504/126
v 0.06538 -0.47162 -0.15625
v 0.12330 -0.47162 -0.15625
v 0.12330 -0.41370 -0.15625
v 0.06538 -0.41370 -0.15625
vt 0.54688 0.29688
vt 0.70312 0.29688
vt 0.70312 0.45312
vt 0.54688 0.45312
vn 0 0 1
f 505/505/127 506/506/127 507/507/127 508/508/127
v 0.12330 -0.47162 -0.21270
v 0.06538 -0.47162 -0.21270
v 0.06538 -0.41370 -0.21270
v 0.12330 -0.41370 -0.21270
vt 0.54688 0.29688
vt 0.70312 0.29688
vt 0.70312 0.45312
vt 0.54688 0.45312
vn 0 0 -1
f 509/509/128 510/510/128 511/511/128 512/512/128
v 0.12330 -0.47162 -0.15625
v 0.12330 -0.47162 -0.21270
v 0.12330 -0.41370 -0.21270
v 0.12330 -0.41370 -0.15625
vt 0.54688 0.29688
vt 0.70312 0.29688
vt 0.70312 0.45312
vt 0.54688 0.45312
vn 1 0 0
f 513/513/129 514/514/129 515/515/129 516/516/129
v 0.06538 -0.47162 -0.21270
v 0.06538 -0.47162 -0.15625
v 0.06538 -0.41370 -0.15625
v 0.06538 -0.41370 -0.21270
vt 0.54688 0.29688
vt 0.70312 0.29688
vt 0.70312 0.45312
vt 0.54688 0.45312
vn -1 0 0
f 517/517/130 518/518/130 519/519/130 520/520/130
v 0.06538 -0.41370 -0.15625
v 0.12330 -0.41370 -0.15625
v 0.12330 -0.41370 -0.21270
v 0.06538 -0.41370 -0.21270
vt 0.54688 0.29688
vt 0.70312 0.29688
vt 0.70312 0.45312
vt 0.54688 0.45312
vn 0 1 0
f 521/521/131 522/522/131 523/523/131 524/524/131
v 0.06538 -0.47162 -0.21270
v 0.12330 -0.47162 -0.21270
v 0.12330 -0.47162 -0.15625
v 0.06538 -0.47162 -0.15625
vt 0.54688 0.29688
vt 0.70312 0.29688
vt 0.70312 0.45312
vt 0.54688 0.45312
vn 0 -1 0
f 525/525/132 526/526/132 527/527/132 528/528/132
v -0.32732 -0.39400 -0.05074
v -0.28125 -0.39400 -0.05074
v -0.28125 -0.31383 -0.05074
v -0.32732 -0.31383 -0.05074
vt 0.29688 0.29688
vt 0.45312 0.29688
vt 0.45312 0.45312
vt 0.29688 0.45312
vn 0 0 1
f 529/529/133 530/530/133 531/531/133 532/532/133
v -0.28125 -0.39400 -0.13092
v -0.32732 -0.39400 -0.13092
v -0.32732 -0.31383 -0.13092
v -0.28125 -0.31383 -0.13092
vt 0.29688 0.29688
vt 0.45312 0.29688
vt 0.45312 0.45312
vt 0.29688 0.45312
vn 0 0 -1
f 533/533/134 534/534/134 535/535/134 536/536/134
v -0.28125 -0.39400 -0.05074
v -0.28125 -0.39400 -0.13092
v -0.28125 -0.31383 -0.13092
v -0.28125 -0.31383 -0.05074
vt 0.29688 0.29688
vt 0.45312 0.29688
vt 0.45312 0.45312
vt 0.29688 0.45312
vn 1 0 0
f 537/537/135 538/538/135 539/539/135 540/540/135
v -0.32732 -0.39400 -0.13092
v -0.32732 -0.39400 -0.05074
v -0.32732 -0.31383 -0.05074
v -0.32732 -0.31383 -0.13092
vt 0.29688 0.29688
vt 0.45312 0.29688
vt 0.45312 0.45312
vt 0.29688 0.45312
vn -1 0 0
f 541/541/136 542/542/136 543/543/136 544/544/136
v -0.32732 -0.31383 -0.05074
v -0.28125 -0.31383 -0.05074
v -0.28125 -0.31383 -0.13092
v -0.32732 -0.31383 -0.13092
vt 0.29688 0.29688
vt 0.45312 0.29688
vt 0.45312 0.45312
vt 0.29688 0.45312
vn 0 1 0
f 545/545/137 546/546/137 547/547/137 548/548/137
v -0.32732 -0.39400 -0.13092
v -0.28125 -0.39400 -0.13092
v -0.28125 -0.39400 -0.05074
v -0.32732 -0.39400 -0.05074
vt 0.29688 0.29688
vt 0.45312 0.29688
vt 0.45312 0.45312
vt 0.29688 0.45312
vn 0 -1 0
f 549/549/138 550/550/138 551/551/138 552/552/138
v 0.28125 -0.10479 0.01112
v 0.34148 -0.10479 0.01112
v 0.34148 -0.04287 0.01112
v 0.28125 -0.04287 0.01112
vt 0.79688 0.29688
vt 0.95312 0.29688
vt 0.95312 0.45312
vt 0.79688 0.45312
vn 0 0 1
f 553/553/139 554/554/139 555/555/139 556/556/139
v 0.34148 -0.10479 -0.05080
v 0.28125 -0.10479 -0.05080
v 0.28125 -0.04287 -0.05080
v 0.34148 -0.04287 -0.05080
vt 0.79688 0.29688
vt 0.95312 0.29688
vt 0.95312 0.45312
vt 0.79688 0.45312
vn 0 0 -1
f 557/557/140 558/558/140 559/559/140 560/560/140
v 0.34148 -0.10479 0.01112
v 0.34148 -0.10479 -0.05080
v 0.34148 -0.04287 -0.05080
v 0.34148 -0.04287 0.01112
vt 0.79688 0.29688
vt 0.95312 0.29688
vt 0.95312 0.45312
vt 0.79688 0.45312
vn 1 0 0
f 561/561/141 562/562/141 563/563/141 564/564/141
v 0.28125 -0.10479 -0.05080
v 0.28125 -0.10479 0.01112
v 0.28125 -0.04287 0.01112
v 0.28125 -0.04287 -0.05080
vt 0.79688 0.29688
vt 0.95312 0.29688
vt 0.95312 0.45312
vt 0.79688 0.45312
vn -1 0 0
f 565/565/142 566/566/142 567/567/142 568/568/142
v 0.28125 -0.04287 0.01112
v 0.34148 -0.04287 0.01112
v 0.34148 -0.04287 -0.05080
v 0.28125 -0.04287 -0.05080
vt 0.79688 0.29688
vt 0.95312 0.29688
vt 0.95312 0.45312
vt 0.79688 0.45312
vn 0 1 0
f 569/569/143 570/570/143 571/571/143 572/572/143
v 0.28125 -0.10479 -0.05080
v 0.34148 -0.10479 -0.05080
v 0.34148 -0.10479 0.01112
v 0.28125 -0.10479 0.01112
vt 0.79688 0.29688
vt 0.95312 0.29688
vt 0.95312 0.45312
vt 0.79688 0.45312
vn 0 -1 0
f 573/573/144 574/574/144 575/575/144 576/576/144
v -0.31502 -0.40954 -0.06025
v -0.28125 -0.40954 -0.06025
v -0.28125 -0.34487 -0.06025
v -0.31502 -0.34487 -0.06025
vt 0.29688 0.29688
vt 0.45312 0.29688
vt 0.45312 0.45312
vt 0.29688 0.45312
vn 0 0 1
f 577/577/145 578/578/145 579/579/145 580/580/145
v -0.28125 -0.40954 -0.12492
v -0.31502 -0.40954 -0.12492
v -0.31502 -0.34487 -0.12492
v -0.28125 -0.34487 -0.12492
vt 0.29688 0.29688
vt 0.45312 0.29688
vt 0.45312 0.45312
vt 0.29688 0.45312
vn 0 0 -1
f 581/581/146 582/582/146 583/583/146 584/584/146
v -0.28125 -0.40954 -0.06025
v -0.28125 -0.40954 -0.12492
v -0.28125 -0.34487 -0.12492
v -0.28125 -0.34487 -0.06025
vt 0.29688 0.29688
vt 0.45312 0.29688
vt 0.45312 0.45312
vt 0.29688 0.45312
vn 1 0 0
f 585/585/147 586/586/147 587/587/147 588/588/147
v -0.31502 -0.40954 -0.12492
v -0.31502 -0.40954 -0.06025
v -0.31502 -0.34487 -0.06025
v -0.31502 -0.34487 -0.12492
vt 0.29688 0.29688
vt 0.45312 0.29688
vt 0.45312 0.45312
vt 0.29688 0.45312
vn -1 0 0
f 589/589/148 590/590/148 591/591/148 592/592/148
v -0.31502 -0.34487 -0.06025
v -0.28125 -0.34487 -0.06025
v -0.28125 -0.34487 -0.12492
v -0.31502 -0.34487 -0.12492
vt 0.29688 0.29688
vt 0.45312 0.29688
vt 0.45312 0.45312
vt 0.29688 0.45312
vn 0 1 0
f 593/593/149 594/594/149 595/595/149 596/596/149
v -0.31502 -0.40954 -0.12492
v -0.28125 -0.40954 -0.12492
v -0.28125 -0.40954 -0.06025
v -0.31502 -0.40954 -0.06025
vt 0.29688 0.29688
vt 0.45312 0.29688
vt 0.45312 0.45312
vt 0.29688 0.45312
vn 0 -1 0
f 597/597/150 598/598/150 599/599/150 600/600/150
v 0.07960 0.02500 -0.05951
v 0.16031 0.02500 -0.05951
v 0.16031 0.04841 -0.05951
v 0.07960 0.04841 -0.05951
vt 0.54688 0.29688
vt 0.70312 0.29688
vt 0.70312 0.45312
vt 0.54688 0.45312
vn 0 0 1
f 601/601/151 602/602/151 603/603/151 604/604/151
v 0.16031 0.02500 -0.14022
v 0.07960 0.02500 -0.14022
v 0.07960 0.04841 -0.14022
v 0.16031 0.04841 -0.14022
vt 0.54688 0.29688
vt 0.70312 0.29688
vt 0.70312 0.45312
vt 0.54688 0.45312
vn 0 0 -1
f 605/605/152 606/606/152 607/607/152 608/608/152
v 0.16031 0.02500 -0.05951
v 0.16031 0.02500 -0.14022
v 0.16031 0.04841 -0.14022
v 0.16031 0.04841 -0.05951
vt 0.54688 0.29688
vt 0.70312 0.29688
vt 0.70312 0.45312
vt 0.54688 0.45312
vn 1 0 0
f 609/609/153 610/610/153 611/611/153 612/612/153
v 0.07960 0.02500 -0.14022
v 0.07960 0.02500 -0.05951
v 0.07960 0.04841 -0.05951
v 0.07960 0.04841 -0.14022
vt 0.54688 0.29688
vt 0.70312 0.29688
vt 0.70312 0.45312
vt 0.54688 0.45312
vn -1 0 0
f 613/613/154 614/614/154 615/615/154 616/616/154
v 0.07960 0.04841 -0.05951
v 0.16031 0.04841 -0.05951
v 0.16031 0.04841 -0.14022
v 0.07960 0.04841 -0.14022
vt 0.54688 0.29688
vt 0.70312 0.29688
vt 0.70312 0.45312
vt 0.54688 0.45312
vn 0 1 0
f 617/617/155 618/618/155 619/619/155 620/620/155
v 0.07960 0.02500 -0.14022
v 0.16031 0.02500 -0.14022
v 0.16031 0.02500 -0.05951
v 0.07960 0.02500 -0.05951
vt 0.54688 0.29688
vt 0.70312 0.29688
vt 0.70312 0.45312
vt 0.54688 0.45312
vn 0 -1 0
f 621/621/156 622/622/156 623/623/156 624/624/156
v -0.30927 -0.37686 -0.01623
v -0.28125 -0.37686 -0.01623
v -0.28125 -0.30457 -0.01623
v -0.30927 -0.30457 -0.01623
vt 0.54688 0.29688
vt 0.70312 0.29688
vt 0.70312 0.45312
vt 0.54688 0.45312
vn 0 0 1
f 625/625/157 626/626/157 627/627/157 628/628/157
v -0.28125 -0.37686 -0.08852
v -0.30927 -0.37686 -0.08852
v -0.30927 -0.30457 -0.08852
v -0.28125 -0.30457 -0.08852
vt 0.54688 0.29688
vt 0.70312 0.29688
vt 0.70312 0.45312
vt 0.54688 0.45312
vn 0 0 -1
f 629/629/158 630/630/158 631/631/158 632/632/158
v -0.28125 -0.37686 -0.01623
v -0.28125 -0.37686 -0.08852
v -0.28125 -0.30457 -0.08852
v -0.28125 -0.30457 -0.01623
vt 0.54688 0.29688
vt 0.70312 0.29688
vt 0.70312 0.45312
vt 0.54688 0.45312
vn 1 0 0
f 633/633/159 634/634/159 635/635/159 636/636/159
v -0.30927 -0.37686 -0.08852
v -0.30927 -0.37686 -0.01623
v -0.30927 -0.30457 -0.01623
v -0.30927 -0.30457 -0.08852
vt 0.54688 0.29688
vt 0.70312 0.29688
vt 0.70312 0.45312
vt 0.54688 0.45312
vn -1 0 0
f 637/637/160 638/638/160 639/639/160 640/640/160
v -0.30927 -0.30457 -0.01623
v -0.28125 -0.30457 -0.01623
v -0.28125 -0.30457 -0.08852
v -0.30927 -0.30457 -0.08852
vt 0.54688 0.29688
vt 0.70312 0.29688
vt 0.70312 0.45312
vt 0.54688 0.45312
vn 0 1 0
f 641/641/161 642/642/161 643/643/161 644/644/161
v -0.30927 -0.37686 -0.08852
v -0.28125 -0.37686 -0.08852
v -0.28125 -0.37686 -0.01623
v -0.30927 -0.37686 -0.01623
vt 0.54688 0.29688
vt 0.70312 0.29688
vt 0.70312 0.45312
vt 0.54688 0.45312
vn 0 -1 0
f 645/645/162 646/646/162 647/647/162 648/648/162
v 0.21673 -0.27675 -0.15625
v 0.27134 -0.27675 -0.15625
v 0.27134 -0.22214 -0.15625
v 0.21673 -0.22214 -0.15625
vt 0.04688 0.04688
vt 0.20312 0.04688
vt 0.20312 0.20312
vt 0.04688 0.20312
vn 0 0 1
f 649/649/163 650/650/163 651/651/163 652/652/163
v 0.27134 -0.27675 -0.18817
v 0.21673 -0.27675 -0.18817
v 0.21673 -0.22214 -0.18817
v 0.27134 -0.22214 -0.18817
vt 0.04688 0.04688
vt 0.20312 0.04688
vt 0.20312 0.20312
vt 0.04688 0.20312
vn 0 0 -1
f 653/653/164 654/654/164 655/655/164 656/656/164
v 0.27134 -0.27675 -0.15625
v 0.27134 -0.27675 -0.18817
v 0.27134 -0.22214 -0.18817
v 0.27134 -0.22214 -0.15625
vt 0.04688 0.04688
vt 0.20312 0.04688
vt 0.20312 0.20312
vt 0.04688 0.20312
vn 1 0 0
f 657/657/165 658/658/165 659/659/165 660/660/165
v 0.21673 -0.27675 -0.18817
v 0.21673 -0.27675 -0.15625
v 0.21673 -0.22214 -0.15625
v 0.21673 -0.22214 -0.18817
vt 0.04688 0.04688
vt 0.20312 0.04688
vt 0.20312 0.20312
vt 0.04688 0.20312
vn -1 0 0
f 661/661/166 662/662/166 663/663/166 664/664/166
v 0.21673 -0.22214 -0.15625
v 0.27134 -0.22214 -0.15625
v 0.27134 -0.22214 -0.18817
v 0.21673 -0.22214 -0.18817
vt 0.04688 0.04688
vt 0.20312 0.04688
vt 0.20312 0.20312
vt 0.04688 0.20312
vn 0 1 0
f 665/665/167 666/666/167 667/667/167 668/668/167
v 0.21673 -0.27675 -0.18817
v 0.27134 -0.27675 -0.18817
v 0.27134 -0.27675 -0.15625
v 0.21673 -0.27675 -0.15625
vt 0.04688 0.04688
vt 0.20312 0.04688
vt 0.20312 0.20312
vt 0.04688 0.20312
vn 0 -1 0
f 669/669/168 670/670/168 671/671/168 672/672/168
v 0.16510 0.02500 0.03373
v 0.24432 0.02500 0.03373
v 0.24432 0.04421 0.03373
v 0.16510 0.04421 0.03373
vt 0.29688 0.29688
vt 0.45312 0.29688
vt 0.45312 0.45312
vt 0.29688 0.45312
vn 0 0 1
f 673/673/169 674/674/169 675/675/169 676/676/169
v 0.24432 0.02500 -0.04549
v 0.16510 0.02500 -0.04549
v 0.16510 0.04421 -0.04549
v 0.24432 0.04421 -0.04549
vt 0.29688 0.29688
vt 0.45312 0.29688
vt 0.45312 0.45312
vt 0.29688 0.45312
vn 0 0 -1
f 677/677/170 678/678/170 679/679/170 680/680/170
v 0.24432 0.02500 0.03373
v 0.24432 0.02500 -0.04549
v 0.24432 0.04421 -0.04549
v 0.24432 0.04421 0.03373
vt 0.29688 0.29688
vt 0.45312 0.29688
vt 0.45312 0.45312
vt 0.29688 0.45312
vn 1 0 0
f 681/681/171 682/682/171 683/683/171 684/684/171
v 0.16510 0.02500 -0.04549
v 0.16510 0.02500 0.03373
v 0.16510 0.04421 0.03373
v 0.16510 0.04421 -0.04549
vt 0.29688 0.29688
vt 0.45312 0.29688
vt 0.45312 0.45312
vt 0.29688 0.45312
vn -1 0 0
f 685/685/172 686/686/172 687/687/172 688/688/172
v 0.16510 0.04421 0.03373
v 0.24432 0.04421 0.03373
v 0.24432 0.04421 -0.04549
v 0.16510 0.04421 -0.04549
vt 0.29688 0.29688
vt 0.45312 0.29688
vt 0.45312 0.45312
vt 0.29688 0.45312
vn 0 1 0
f 689/689/173 690/690/173 691/691/173 692/692/173
v 0.16510 0.02500 -0.04549
v 0.24432 0.02500 -0.04549
v 0.24432 0.02500 0.03373
v 0.16510 0.02500 0.03373
vt 0.29688 0.29688
vt 0.45312 0.29688
vt 0.45312 0.45312
vt 0.29688 0.45312
vn 0 -1 0
f 693/693/174 694/694/174 695/695/174 696/696/174
v 0.28125 -0.69837 0.06490
v 0.35439 -0.69837 0.06490
v 0.35439 -0.61332 0.06490
v 0.28125 -0.61332 0.06490
vt 0.29688 0.29688
vt 0.45312 0.29688
vt 0.45312 0.45312
vt 0.29688 0.45312
vn 0 0 1
f 697/697/175 698/698/175 699/699/175 700/700/175
v 0.35439 -0.69837 -0.02015
v 0.28125 -0.69837 -0.02015
v 0.28125 -0.61332 -0.02015
v 0.35439 -0.61332 -0.02015
vt 0.29688 0.29688
vt 0.45312 0.29688
vt 0.45312 0.45312
vt 0.29688 0.45312
vn 0 0 -1
f 701/701/176 702/702/176 703/703/176 704/704/176
v 0.35439 -0.69837 0.06490
v 0.35439 -0.69837 -0.02015
v 0.35439 -0.61332 -0.02015
v 0.35439 -0.61332 0.06490
vt 0.29688 0.29688
vt 0.45312 0.29688
vt 0.45312 0.45312
vt 0.29688 0.45312
vn 1 0 0
f 705/705/177 706/706/177 707/707/177 708/708/177
v 0.28125 -0.69837 -0.02015
v 0.28125 -0.69837 0.06490
v 0.28125 -0.61332 0.06490
v 0.28125 -0.61332 -0.02015
vt 0.29688 0.29688
vt 0.45312 0.29688
vt 0.45312 0.45312
vt 0.29688 0.45312
vn -1 0 0
f 709/709/178 710/710/178 711/711/178 712/712/178
v 0.28125 -0.61332 0.06490
v 0.35439 -0.61332 0.06490
v 0.35439 -0.61332 -0.02015
v 0.28125 -0.61332 -0.02015
vt 0.29688 0.29688
vt 0.45312 0.29688
vt 0.45312 0.45312
vt 0.29688 0.45312
vn 0 1 0
f 713/713/179 714/714/179 715/715/179 716/716/179
v 0.28125 -0.69837 -0.02015
v 0.35439 -0.69837 -0.02015
v 0.35439 -0.69837 0.06490
v 0.28125 -0.69837 0.06490
vt 0.29688 0.29688
vt 0.45312 0.29688
vt 0.45312 0.45312
vt 0.29688 0.45312
vn 0 -1 0
f 717/717/180 718/718/180 719/719/180 720/720/180
v -0.24543 -0.37403 0.19720
v -0.15890 -0.37403 0.19720
v -0.15890 -0.28750 0.19720
v -0.24543 -0.28750 0.19720
vt 0.29688 0.29688
vt 0.45312 0.29688
vt 0.45312 0.45312
vt 0.29688 0.45312
vn 0 0 1
f 721/721/181 722/722/181 723/723/181 724/724/181
v -0.15890 -0.37403 0.15625
v -0.24543 -0.37403 0.15625
v -0.24543 -0.28750 0.15625
v -0.15890 -0.28750 0.15625
vt 0.29688 0.29688
vt 0.45312 0.29688
vt 0.45312 0.45312
vt 0.29688 0.45312
vn 0 0 -1
f 725/725/182 726/726/182 727/727/182 728/728/182
v -0.15890 -0.37403 0.19720
v -0.15890 -0.37403 0.15625
v -0.15890 -0.28750 0.15625
v -0.15890 -0.28750 0.19720
vt 0.29688 0.29688
vt 0.45312 0.29688
vt 0.45312 0.45312
vt 0.29688 0.45312
vn 1 0 0
f 729/729/183 730/730/183 731/731/183 732/732/183
v -0.24543 -0.37403 0.15625
v -0.24543 -0.37403 0.19720
v -0.24543 -0.28750 0.19720
v -0.24543 -0.28750 0.15625
vt 0.29688 0.29688
vt 0.45312 0.29688
vt 0.45312 0.45312
vt 0.29688 0.45312
vn -1 0 0
f 733/733/184 734/734/184 735/735/184 736/736/184
v -0.24543 -0.28750 0.19720
v -0.15890 -0.28750 0.19720
v -0.15890 -0.28750 0.15625
v -0.24543 -0.28750 0.15625
vt 0.29688 0.29688
vt 0.45312 0.29688
vt 0.45312 0.45312
vt 0.29688 0.45312
vn 0 1 0
f 737/737/185 738/738/185 739/739/185 740/740/185
v -0.24543 -0.37403 0.15625
v -0.15890 -0.37403 0.15625
v -0.15890 -0.37403 0.19720
v -0.24543 -0.37403 0.19720
vt 0.29688 0.29688
vt 0.45312 0.29688
vt 0.45312 0.45312
vt 0.29688 0.45312
vn 0 -1 0
f 741/741/186 742/742/186 743/743/186 744/744/186
v 0.08959 -0.12781 0.21810
v 0.18460 -0.12781 0.21810
v 0.18460 -0.03280 0.21810
v 0.08959 -0.03280 0.21810
vt 0.54688 0.29688
vt 0.70312 0.29688
vt 0.70312 0.45312
vt 0.54688 0.45312
vn 0 0 1
f 745/745/187 746/746/187 747/747/187 748/748/187
v 0.18460 -0.12781 0.15625
v 0.08959 -0.12781 0.15625
v 0.08959 -0.03280 0.15625
v 0.18460 -0.03280 0.15625
vt 0.54688 0.29688
vt 0.70312 0.29688
vt 0.70312 0.45312
vt 0.54688 0.45312
vn 0 0 -1
f 749/749/188 750/750/188 751/751/188 752/752/188
v 0.18460 -0.12781 0.21810
v 0.18460 -0.12781 0.15625
v 0.18460 -0.03280 0.15625
v 0.18460 -0.03280 0.21810
vt 0.54688 0.29688
vt 0.70312 0.29688
vt 0.70312 0.45312
vt 0.54688 0.45312
vn 1 0 0
f 753/753/189 754/754/189 755/755/189 756/756/189
v 0.08959 -0.12781 0.15625
v 0.08959 -0.12781 0.21810
v 0.08959 -0.03280 0.21810
v 0.08959 -0.03280 0.15625
vt 0.54688 0.29688
vt 0.70312 0.29688
vt 0.70312 0.45312
vt 0.54688 0.45312
vn -1 0 0
f 757/757/190 758/758/190 759/759/190 760/760/190
v 0.08959 -0.03280 0.21810
v 0.18460 -0.03280 0.21810
v 0.18460 -0.03280 0.15625
v 0.08959 -0.03280 0.15625
vt 0.54688 0.29688
vt 0.70312 0.29688
vt 0.70312 0.45312
vt 0.54688 0.45312
vn 0 1 0
f 761/761/191 762/762/191 763/763/191 764/764/191
v 0.08959 -0.12781 0.15625
v 0.18460 -0.12781 0.15625
v 0.18460 -0.12781 0.21810
v 0.08959 -0.12781 0.21810
vt 0.54688 0.29688
vt 0.70312 0.29688
vt 0.70312 0.45312
vt 0.54688 0.45312
vn 0 -1 0
f 765/765/192 766/766/192 767/767/192 768/768/192
v 0.28125 -0.44934 0.12296
v 0.32991 -0.44934 0.12296
v 0.32991 -0.39509 0.12296
v 0.28125 -0.39509 0.12296
vt 0.29688 0.29688
vt 0.45312 0.29688
vt 0.45312 0.45312
vt 0.29688 0.45312
vn 0 0 1
f 769/769/193 770/770/193 771/771/193 772/772/193
v 0.32991 -0.44934 0.06872
v 0.28125 -0.44934 0.06872
v 0.28125 -0.39509 0.06872
v 0.32991 -0.39509 0.06872
vt 0.29688 0.29688
vt 0.45312 0.29688
vt 0.45312 0.45312
vt 0.29688 0.45312
vn 0 0 -1
f 773/773/194 774/774/194 775/775/194 776/776/194
v 0.32991 -0.44934 0.12296
v 0.32991 -0.44934 0.06872
v 0.32991 -0.39509 0.06872
v 0.32991 -0.39509 0.12296
vt 0.29688 0.29688
vt 0.45312 0.29688
vt 0.45312 0.45312
vt 0.29688 0.45312
vn 1 0 0
f 777/777/195 778/778/195 779/779/195 780/780/195
v 0.28125 -0.44934 0.06872
v 0.28125 -0.44934 0.12296
v 0.28125 -0.39509 0.12296
v 0.28125 -0.39509 0.06872
vt 0.29688 0.29688
vt 0.45312 0.29688
vt 0.45312 0.45312
vt 0.29688 0.45312
vn -1 0 0
f 781/781/196 782/782/196 783/783/196 784/784/196
v 0.28125 -0.39509 0.12296
v 0.32991 -0.39509 0.12296
v 0.32991 -0.39509 0.06872
v 0.28125 -0.39509 0.06872
vt 0.29688 0.29688
vt 0.45312 0.29688
vt 0.45312 0.45312
vt 0.29688 0.45312
vn 0 1 0
f 785/785/197 786/786/197 787/787/197 788/788/197
v 0.28125 -0.44934 0.06872
v 0.32991 -0.44934 0.06872
v 0.32991 -0.44934 0.12296
v 0.28125 -0.44934 0.12296
vt 0.29688 0.29688
vt 0.45312 0.29688
vt 0.45312 0.45312
vt 0.29688 0.45312
vn 0 -1 0
f 789/789/198 790/790/198 791/791/198 792/792/198
v -0.10329 -0.74151 0.20989
v -0.01012 -0.74151 0.20989
v -0.01012 -0.64834 0.20989
v -0.10329 -0.64834 0.20989
vt 0.04688 0.04688
vt 0.20312 0.04688
vt 0.20312 0.20312
vt 0.04688 0.20312
vn 0 0 1
f 793/793/199 794/794/199 795/795/199 796/796/199
v -0.01012 -0.74151 0.15625
v -0.10329 -0.74151 0.15625
v -0.10329 -0.64834 0.15625
v -0.01012 -0.64834 0.15625
vt 0.04688 0.04688
vt 0.20312 0.04688
vt 0.20312 0.20312
vt 0.04688 0.20312
vn 0 0 -1
f 797/797/200 798/798/200 799/799/200 800/800/200
v -0.01012 -0.74151 0.20989
v -0.01012 -0.74151 0.15625
v -0.01012 -0.64834 0.15625
v -0.01012 -0.64834 0.20989
vt 0.04688 0.04688
vt 0.20312 0.04688
vt 0.20312 0.20312
vt 0.04688 0.20312
vn 1 0 0
f 801/801/201 802/802/201 803/803/201 804/804/201
v -0.10329 -0.74151 0.15625
v -0.10329 -0.74151 0.20989
v -0.10329 -0.64834 0.20989
v -0.10329 -0.64834 0.15625
vt 0.04688 0.04688
vt 0.20312 0.04688
vt 0.20312 0.20312
vt 0.04688 0.20312
vn -1 0 0
f 805/805/202 806/806/202 807/807/202 808/808/202
v -0.10329 -0.64834 0.20989
v -0.01012 -0.64834 0.20989
v -0.01012 -0.64834 0.15625
v -0.10329 -0.64834 0.15625
vt 0.04688 0.04688
vt 0.20312 0.04688
vt 0.20312 0.20312
vt 0.04688 0.20312
vn 0 1 0
f 809/809/203 810/810/203 811/811/203 812/812/203
v -0.10329 -0.74151 0.15625
v -0.01012 -0.74151 0.15625
v -0.01012 -0.74151 0.20989
v -0.10329 -0.74151 0.20989
vt 0.04688 0.04688
vt 0.20312 0.04688
vt 0.20312 0.20312
vt 0.04688 0.20312
vn 0 -1 0
f 813/813/204 814/814/204 815/815/204 816/816/204
v 0.16612 -0.22497 0.21322
v 0.22013 -0.22497 0.21322
v 0.22013 -0.17096 0.21322
v 0.16612 -0.17096 0.21322
vt 0.79688 0.29688
vt 0.95312 0.29688
vt 0.95312 0.45312
vt 0.79688 0.45312
vn 0 0 1
f 817/817/205 818/818/205 819/819/205 820/820/205
v 0.22013 -0.22497 0.15625
v 0.16612 -0.22497 0.15625
v 0.16612 -0.17096 0.15625
v 0.22013 -0.17096 0.15625
vt 0.79688 0.29688
vt 0.95312 0.29688
vt 0.95312 0.45312
vt 0.79688 0.45312
vn 0 0 -1
f 821/821/206 822/822/206 823/823/206 824/824/206
v 0.22013 -0.22497 0.21322
v 0.22013 -0.22497 0.15625
v 0.22013 -0.17096 0.15625
v 0.22013 -0.17096 0.21322
vt 0.79688 0.29688
vt 0.95312 0.29688
vt 0.95312 0.45312
vt 0.79688 0.45312
vn 1 0 0
f 825/825/207 826/826/207 827/827/207 828/828/207
v 0.16612 -0.22497 0.15625
v 0.16612 -0.22497 0.21322
v 0.16612 -0.17096 0.21322
v 0.16612 -0.17096 0.15625
vt 0.79688 0.29688
vt 0.95312 0.29688
vt 0.95312 0.45312
vt 0.79688 0.45312
vn -1 0 0
f 829/829/208 830/830/208 831/831/208 832/832/208
v 0.16612 -0.17096 0.21322
v 0.22013 -0.17096 0.21322
v 0.22013 -0.17096 0.15625
v 0.16612 -0.17096 0.15625
vt 0.79688 0.29688
vt 0.95312 0.29688
vt 0.95312 0.45312
vt 0.79688 0.45312
vn 0 1 0
f 833/833/209 834/834/209 835/835/209 836/836/209
v 0.16612 -0.22497 0.15625
v 0.22013 -0.22497 0.15625
v 0.22013 -0.22497 0.21322
v 0.16612 -0.22497 0.21322
vt 0.79688 0.29688
vt 0.95312 0.29688
vt 0.95312 0.45312
vt 0.79688 0.45312
vn 0 -1 0
f 837/837/210 838/838/210 839/839/210 840/840/210
v -0.34096 -0.18134 0.03552
v -0.28125 -0.18134 0.03552
v -0.28125 -0.08463 0.03552
v -0.34096 -0.08463 0.03552
vt 0.04688 0.04688
vt 0.20312 0.04688
vt 0.20312 0.20312
vt 0.04688 0.20312
vn 0 0 1
f 841/841/211 842/842/211 843/843/211 844/844/211
v -0.28125 -0.18134 -0.06119
v -0.34096 -0.18134 -0.06119
v -0.34096 -0.08463 -0.06119
v -0.28125 -0.08463 -0.06119
vt 0.04688 0.04688
vt 0.20312 0.04688
vt 0.20312 0.20312
vt 0.04688 0.20312
vn 0 0 -1
f 845/845/212 846/846/212 847/847/212 848/848/212
v -0.28125 -0.18134 0.03552
v -0.28125 -0.18134 -0.06119
v -0.28125 -0.08463 -0.06119
v -0.28125 -0.08463 0.03552
vt 0.04688 0.04688
vt 0.20312 0.04688
vt 0.20312 0.20312
vt 0.04688 0.20312
vn 1 0 0
f 849/849/213 850/850/213 851/851/213 852/852/213
v -0.34096 -0.18134 -0.06119
v -0.34096 -0.18134 0.03552
v -0.34096 -0.08463 0.03552
v -0.34096 -0.08463 -0.06119
vt 0.04688 0.04688
vt 0.20312 0.04688
vt 0.20312 0.20312
vt 0.04688 0.20312
vn -1 0 0
f 853/853/214 854/854/214 855/855/214 856/856/214
v -0.34096 -0.08463 0.03552
v -0.28125 -0.08463 0.03552
v -0.28125 -0.08463 -0.06119
v -0.34096 -0.08463 -0.06119
vt 0.04688 0.04688
vt 0.20312 0.04688
vt 0.20312 0.20312
vt 0.04688 0.20312
vn 0 1 0
f 857/857/215 858/858/215 859/859/215 860/860/215
v -0.34096 -0.18134 -0.06119
v -0.28125 -0.18134 -0.06119
v -0.28125 -0.18134 0.03552
v -0.34096 -0.18134 0.03552
vt 0.04688 0.04688
vt 0.20312 0.04688
vt 0.20312 0.20312
vt 0.04688 0.20312
vn 0 -1 0
f 861/861/216 862/862/216 863/863/216 864/864/216
v 0.01131 -0.41378 0.20698
v 0.08725 -0.41378 0.20698
v 0.08725 -0.33784 0.20698
v 0.01131 -0.33784 0.20698
vt 0.79688 0.29688
vt 0.95312 0.29688
vt 0.95312 0.45312
vt 0.79688 0.45312
vn 0 0 1
f 865/865/217 866/866/217 867/867/217 868/868/217
v 0.08725 -0.41378 0.15625
v 0.01131 -0.41378 0.15625
v 0.01131 -0.33784 0.15625
v 0.08725 -0.33784 0.15625
vt 0.79688 0.29688
vt 0.95312 0.29688
vt 0.95312 0.45312
vt 0.79688 0.45312
vn 0 0 -1
f 869/869/218 870/870/218 871/871/218 872/872/218
v 0.08725 -0.41378 0.20698
v 0.08725 -0.41378 0.15625
v 0.08725 -0.33784 0.15625
v 0.08725 -0.33784 0.20698
vt 0.79688 0.29688
vt 0.95312 0.29688
vt 0.95312 0.45312
vt 0.79688 0.45312
vn 1 0 0
f 873/873/219 874/874/219 875/875/219 876/876/219
v 0.01131 -0.41378 0.15625
v 0.01131 -0.41378 0.20698
v 0.01131 -0.33784 0.20698
v 0.01131 -0.33784 0.15625
vt 0.79688 0.29688
vt 0.95312 0.29688
vt 0.95312 0.45312
vt 0.79688 0.45312
vn -1 0 0
f 877/877/220 878/878/220 879/879/220 880/880/220
v 0.01131 -0.33784 0.20698
v 0.08725 -0.33784 0.20698
v 0.08725 -0.33784 0.15625
v 0.01131 -0.33784 0.15625
vt 0.79688 0.29688
vt 0.95312 0.29688
vt 0.95312 0.45312
vt 0.79688 0.45312
vn 0 1 0
f 881/881/221 882/882/221 883/883/221 884/884/221
v 0.01131 -0.41378 0.15625
v 0.08725 -0.41378 0.15625
v 0.08725 -0.41378 0.20698
v 0.01131 -0.41378 0.20698
vt 0.79688 0.29688
vt 0.95312 0.29688
vt 0.95312 0.45312
vt 0.79688 0.45312
vn 0 -1 0
f 885/885/222 886/886/222 887/887/222 888/888/222
v -0.16238 -0.74234 -0.15625
v -0.06451 -0.74234 -0.15625
v -0.06451 -0.64447 -0.15625
v -0.16238 -0.64447 -0.15625
vt 0.04688 0.04688
vt 0.20312 0.04688
vt 0.20312 0.20312
vt 0.04688 0.20312
vn 0 0 1
f 889/889/223 890/890/223 891/891/223 892/892/223
v -0.06451 -0.74234 -0.18689
v -0.16238 -0.74234 -0.18689
v -0.16238 -0.64447 -0.18689
v -0.06451 -0.64447 -0.18689
vt 0.04688 0.04688
vt 0.20312 0.04688
vt 0.20312 0.20312
vt 0.04688 0.20312
vn 0 0 -1
f 893/893/224 894/894/224 895/895/224 896/896/224
v -0.06451 -0.74234 -0.15625
v -0.06451 -0.74234 -0.18689
v -0.06451 -0.64447 -0.18689
v -0.06451 -0.64447 -0.15625
vt 0.04688 0.04688
vt 0.20312 0.04688
vt 0.20312 0.20312
vt 0.04688 0.20312
vn 1 0 0
f 897/897/225 898/898/225 899/899/225 900/900/225
v -0.16238 -0.74234 -0.18689
v -0.16238 -0.74234 -0.15625
v -0.16238 -0.64447 -0.15625
v -0.16238 -0.64447 -0.18689
vt 0.04688 0.04688
vt 0.20312 0.04688
vt 0.20312 0.20312
vt 0.04688 0.20312
vn -1 0 0
f 901/901/226 902/902/226 903/903/226 904/904/226
v -0.16238 -0.64447 -0.15625
v -0.06451 -0.64447 -0.15625
v -0.06451 -0.64447 -0.18689
v -0.16238 -0.64447 -0.18689
vt 0.04688 0.04688
vt 0.20312 0.04688
vt 0.20312 0.20312
vt 0.04688 0.20312
vn 0 1 0
f 905/905/227 906/906/227 907/907/227 908/908/227
v -0.16238 -0.74234 -0.18689
v -0.06451 -0.74234 -0.18689
v -0.06451 -0.74234 -0.15625
v -0.16238 -0.74234 -0.15625
vt 0.04688 0.04688
vt 0.20312 0.04688
vt 0.20312 0.20312
vt 0.04688 0.20312
vn 0 -1 0
f 909/909/228 910/910/228 911/911/228 912/912/228
v 0.28125 -0.50412 0.09338
v 0.33684 -0.50412 0.09338
v 0.33684 -0.44696 0.09338
v 0.28125 -0.44696 0.09338
vt 0.54688 0.29688
vt 0.70312 0.29688
vt 0.70312 0.45312
vt 0.54688 0.45312
vn 0 0 1
f 913/913/229 914/914/229 915/915/229 916/916/229
v 0.33684 -0.50412 0.03622
v 0.28125 -0.50412 0.03622
v 0.28125 -0.44696 0.03622
v 0.33684 -0.44696 0.03622
vt 0.54688 0.29688
vt 0.70312 0.29688
vt 0.70312 0.45312
vt 0.54688 0.45312
vn 0 0 -1
f 917/917/230 918/918/230 919/919/230 920/920/230
v 0.33684 -0.50412 0.09338
v 0.33684 -0.50412 0.03622
v 0.33684 -0.44696 0.03622
v 0.33684 -0.44696 0.09338
vt 0.54688 0.29688
vt 0.70312 0.29688
vt 0.70312 0.45312
vt 0.54688 0.45312
vn 1 0 0
f 921/921/231 922/922/231 923/923/231 924/924/231
v 0.28125 -0.50412 0.03622
v 0.28125 -0.50412 0.09338
v 0.28125 -0.44696 0.09338
v 0.28125 -0.44696 0.03622
vt 0.54688 0.29688
vt 0.70312 0.29688
vt 0.70312 0.45312
vt 0.54688 0.45312
vn -1 0 0
f 925/925/232 926/926/232 927/927/232 928/928/232
v 0.28125 -0.44696 0.09338
v 0.33684 -0.44696 0.09338
v 0.33684 -0.44696 0.03622
v 0.28125 -0.44696 0.03622
vt 0.54688 0.29688
vt 0.70312 0.29688
vt 0.70312 0.45312
vt 0.54688 0.45312
vn 0 1 0
f 929/929/233 930/930/233 931/931/233 932/932/233
v 0.28125 -0.50412 0.03622
v 0.33684 -0.50412 0.03622
v 0.33684 -0.50412 0.09338
v 0.28125 -0.50412 0.09338
vt 0.54688 0.29688
vt 0.70312 0.29688
vt 0.70312 0.45312
vt 0.54688 0.45312
vn 0 -1 0
f 933/933/234 934/934/234 935/935/234 936/936/234
v -0.31832 -0.61103 0.07687
v -0.28125 -0.61103 0.07687
v -0.28125 -0.53611 0.07687
v -0.31832 -0.53611 0.07687
vt 0.04688 0.04688
vt 0.20312 0.04688
vt 0.20312 0.20312
vt 0.04688 0.20312
vn 0 0 1
f 937/937/235 938/938/235 939/939/235 940/940/235
v -0.28125 -0.61103 0.00196
v -0.31832 -0.61103 0.00196
v -0.31832 -0.53611 0.00196
v -0.28125 -0.53611 0.00196
vt 0.04688 0.04688
vt 0.20312 0.04688
vt 0.20312 0.20312
vt 0.04688 0.20312
vn 0 0 -1
f 941/941/236 942/942/236 943/943/236 944/944/236
v -0.28125 -0.61103 0.07687
v -0.28125 -0.61103 0.00196
v -0.28125 -0.53611 0.00196
v -0.28125 -0.53611 0.07687
vt 0.04688 0.04688
vt 0.20312 0.04688
vt 0.20312 0.20312
vt 0.04688 0.20312
vn 1 0 0
f 945/945/237 946/946/237 947/947/237 948/948/237
v -0.31832 -0.61103 0.00196
v -0.31832 -0.61103 0.07687
v -0.31832 -0.53611 0.07687
v -0.31832 -0.53611 0.00196
vt 0.04688 0.04688
vt 0.20312 0.04688
vt 0.20312 0.20312
vt 0.04688 0.20312
vn -1 0 0
f 949/949/238 950/950/238 951/951/238 952/952/238
v -0.31832 -0.53611 0.07687
v -0.28125 -0.53611 0.07687
v -0.28125 -0.53611 0.00196
v -0.31832 -0.53611 0.00196
vt 0.04688 0.04688
vt 0.20312 0.04688
vt 0.20312 0.20312
vt 0.04688 0.20312
vn 0 1 0
f 953/953/239 954/954/239 955/955/239 956/956/239
v -0.31832 -0.61103 0.00196
v -0.28125 -0.61103 0.00196
v -0.28125 -0.61103 0.07687
v -0.31832 -0.61103 0.07687
vt 0.04688 0.04688
vt 0.20312 0.04688
vt 0.20312 0.20312
vt 0.04688 0.20312
vn 0 -1 0
f 957/957/240 958/958/240 959/959/240 960/960/240
v -0.34398 -0.48674 0.12963
v -0.28125 -0.48674 0.12963
v -0.28125 -0.39656 0.12963
v -0.34398 -0.39656 0.12963
vt 0.54688 0.29688
vt 0.70312 0.29688
vt 0.70312 0.45312
vt 0.54688 0.45312
vn 0 0 1
f 961/961/241 962/962/241 963/963/241 964/964/241
v -0.28125 -0.48674 0.03945
v -0.34398 -0.48674 0.03945
v -0.34398 -0.39656 0.03945
v -0.28125 -0.39656 0.03945
vt 0.54688 0.29688
vt 0.70312 0.29688
vt 0.70312 0.45312
vt 0.54688 0.45312
vn 0 0 -1
f 965/965/242 966/966/242 967/967/242 968/968/242
v -0.28125 -0.48674 0.12963
v -0.28125 -0.48674 0.03945
v -0.28125 -0.39656 0.03945
v -0.28125 -0.39656 0.12963
vt 0.54688 0.29688
vt 0.70312 0.29688
vt 0.70312 0.45312
vt 0.54688 0.45312
vn 1 0 0
f 969/969/243 970/970/243 971/971/243 972/972/243
v -0.34398 -0.48674 0.03945
v -0.34398 -0.48674 0.12963
v -0.34398 -0.39656 0.12963
v -0.34398 -0.39656 0.03945
vt 0.54688 0.29688
vt 0.70312 0.29688
vt 0.70312 0.45312
vt 0.54688 0.45312
vn -1 0 0
f 973/973/244 974/974/244 975/975/244 976/976/244
v -0.34398 -0.39656 0.12963
v -0.28125 -0.39656 0.12963
v -0.28125 -0.39656 0.03945
v -0.34398 -0.39656 0.03945
vt 0.54688 0.29688
vt 0.70312 0.29688
vt 0.70312 0.45312
vt 0.54688 0.45312
vn 0 1 0
f 977/977/245 978/978/245 979/979/245 980/980/245
v -0.34398 -0.48674 0.03945
v -0.28125 -0.48674 0.03945
v -0.28125 -0.48674 0.12963
v -0.34398 -0.48674 0.12963
vt 0.54688 0.29688
vt 0.70312 0.29688
vt 0.70312 0.45312
vt 0.54688 0.45312
vn 0 -1 0
f 981/981/246 982/982/246 983/983/246 984/984/246
v -0.04967 0.02500 0.12099
v 0.04637 0.02500 0.12099
v 0.04637 0.04630 0.12099
v -0.04967 0.04630 0.12099
vt 0.54688 0.29688
vt 0.70312 0.29688
vt 0.70312 0.45312
vt 0.54688 0.45312
vn 0 0 1
f 985/985/247 986/986/247 987/987/247 988/988/247
v 0.04637 0.02500 0.02495
v -0.04967 0.02500 0.02495
v -0.04967 0.04630 0.02495
v 0.04637 0.04630 0.02495
vt 0.54688 0.29688
vt 0.70312 0.29688
vt 0.70312 0.45312
vt 0.54688 0.45312
vn 0 0 -1
f 989/989/248 990/990/248 991/991/248 992/992/248
v 0.04637 0.02500 0.12099
v 0.04637 0.02500 0.02495
v 0.04637 0.04630 0.02495
v 0.04637 0.04630 0.12099
vt 0.54688 0.29688
vt 0.70312 0.29688
vt 0.70312 0.45312
vt 0.54688 0.45312
vn 1 0 0
f 993/993/249 994/994/249 995/995/249 996/996/249
v -0.04967 0.02500 0.02495
v -0.04967 0.02500 0.12099
v -0.04967 0.04630 0.12099
v -0.04967 0.04630 0.02495
vt 0.54688 0.29688
vt 0.70312 0.29688
vt 0.70312 0.45312
vt 0.54688 0.45312
vn -1 0 0
f 997/997/250 998/998/250 999/999/250 1000/1000/250
v -0.04967 0.04630 0.12099
v 0.04637 0.04630 0.12099
v 0.04637 0.04630 0.02495
v -0.04967 0.04630 0.02495
vt 0.54688 0.29688
vt 0.70312 0.29688
vt 0.70312 0.45312
vt 0.54688 0.45312
vn 0 1 0
f 1001/1001/251 1002/1002/251 1003/1003/251 1004/1004/251
v -0.04967 0.02500 0.02495
v 0.04637 0.02500 0.02495
v 0.04637 0.02500 0.12099
v -0.04967 0.02500 0.12099
vt 0.54688 0.29688
vt 0.70312 0.29688
vt 0.70312 0.45312
vt 0.54688 0.45312
vn 0 -1 0
f 1005/1005/252 1006/1006/252 1007/1007/252 1008/1008/252
v 0.11073 -0.67221 0.22875
v 0.19629 -0.67221 0.22875
v 0.19629 -0.58665 0.22875
v 0.11073 -0.58665 0.22875
vt 0.79688 0.29688
vt 0.95312 0.29688
vt 0.95312 0.45312
vt 0.79688 0.45312
vn 0 0 1
f 1009/1009/253 1010/1010/253 1011/1011/253 1012/1012/253
v 0.19629 -0.67221 0.15625
v 0.11073 -0.67221 0.15625
v 0.11073 -0.58665 0.15625
v 0.19629 -0.58665 0.15625
vt 0.79688 0.29688
vt 0.95312 0.29688
vt 0.95312 0.45312
vt 0.79688 0.45312
vn 0 0 -1
f 1013/1013/254 1014/1014/254 1015/1015/254 1016/1016/254
v 0.19629 -0.67221 0.22875
v 0.19629 -0.67221 0.15625
v 0.19629 -0.58665 0.15625
v 0.19629 -0.58665 0.22875
vt 0.79688 0.29688
vt 0.95312 0.29688
vt 0.95312 0.45312
vt 0.79688 0.45312
vn 1 0 0
f 1017/1017/255 1018/1018/255 1019/1019/255 1020/1020/255
v 0.11073 -0.67221 0.15625
v 0.11073 -0.67221 0.22875
v 0.11073 -0.58665 0.22875
v 0.11073 -0.58665 0.15625
vt 0.79688 0.29688
vt 0.95312 0.29688
vt 0.95312 0.45312
vt 0.79688 0.45312
vn -1 0 0
f 1021/1021/256 1022/1022/256 1023/1023/256 1024/1024/256
v 0.11073 -0.58665 0.22875
v 0.19629 -0.58665 0.22875
v 0.19629 -0.58665 0.15625
v 0.11073 -0.58665 0.15625
vt 0.79688 0.29688
vt 0.95312 0.29688
vt 0.95312 0.45312
vt 0.79688 0.45312
vn 0 1 0
f 1025/1025/257 1026/1026/257 1027/1027/257 1028/1028/257
v 0.11073 -0.67221 0.15625
v 0.19629 -0.67221 0.15625
v 0.19629 -0.67221 0.22875
v 0.11073 -0.67221 0.22875
vt 0.79688 0.29688
vt 0.95312 0.29688
vt 0.95312 0.45312
vt 0.79688 0.45312
vn 0 -1 0
f 1029/1029/258 1030/1030/258 1031/1031/258 1032/1032/258
v -0.31695 -0.38017 0.00266
v -0.28125 -0.38017 0.00266
v -0.28125 -0.31641 0.00266
v -0.31695 -0.31641 0.00266
vt 0.04688 0.04688
vt 0.20312 0.04688
vt 0.20312 0.20312
vt 0.04688 0.20312
vn 0 0 1
f 1033/1033/259 1034/1034/259 1035/1035/259 1036/1036/259
v -0.28125 -0.38017 -0.06109
v -0.31695 -0.38017 -0.06109
v -0.31695 -0.31641 -0.06109
v -0.28125 -0.31641 -0.06109
vt 0.04688 0.04688
vt 0.20312 0.04688
vt 0.20312 0.20312
vt 0.04688 0.20312
vn 0 0 -1
f 1037/1037/260 1038/1038/260 1039/1039/260 1040/1040/260
v -0.28125 -0.38017 0.00266
v -0.28125 -0.38017 -0.06109
v -0.28125 -0.31641 -0.06109
v -0.28125 -0.31641 0.00266
vt 0.04688 0.04688
vt 0.20312 0.04688
vt 0.20312 0.20312
vt 0.04688 0.20312
vn 1 0 0
f 1041/1041/261 1042/1042/261 1043/1043/261 1044/1044/261
v -0.31695 -0.38017 -0.06109
v -0.31695 -0.38017 0.00266
v -0.31695 -0.31641 0.00266
v -0.31695 -0.31641 -0.06109
vt 0.04688 0.04688
vt 0.20312 0.04688
vt 0.20312 0.20312
vt 0.04688 0.20312
vn -1 0 0
f 1045/1045/262 1046/1046/262 1047/1047/262 1048/1048/262
v -0.31695 -0.31641 0.00266
v -0.28125 -0.31641 0.00266
v -0.28125 -0.31641 -0.06109
v -0.31695 -0.31641 -0.06109
vt 0.04688 0.04688
vt 0.20312 0.04688
vt 0.20312 0.20312
vt 0.04688 0.20312
vn 0 1 0
f 1049/1049/263 1050/1050/263 1051/1051/263 1052/1052/263
v -0.31695 -0.38017 -0.06109
v -0.28125 -0.38017 -0.06109
v -0.28125 -0.38017 0.00266
v -0.31695 -0.38017 0.00266
vt 0.04688 0.04688
vt 0.20312 0.04688
vt 0.20312 0.20312
vt 0.04688 0.20312
vn 0 -1 0
f 1053/1053/264 1054/1054/264 1055/1055/264 1056/1056/264
v 0.28125 -0.17885 0.00218
v 0.34835 -0.17885 0.00218
v 0.34835 -0.09304 0.00218
v 0.28125 -0.09304 0.00218
vt 0.04688 0.04688
vt 0.20312 0.04688
vt 0.20312 0.20312
vt 0.04688 0.20312
vn 0 0 1
f 1057/1057/265 1058/1058/265 1059/1059/265 1060/1060/265
v 0.34835 -0.17885 -0.08363
v 0.28125 -0.17885 -0.08363
v 0.28125 -0.09304 -0.08363
v 0.34835 -0.09304 -0.08363
vt 0.04688 0.04688
vt 0.20312 0.04688
vt 0.20312 0.20312
vt 0.04688 0.20312
vn 0 0 -1
f 1061/1061/266 1062/1062/266 1063/1063/266 1064/1064/266
v 0.34835 -0.17885 0.00218
v 0.34835 -0.17885 -0.08363
v 0.34835 -0.09304 -0.08363
v 0.34835 -0.09304 0.00218
vt 0.04688 0.04688
vt 0.20312 0.04688
vt 0.20312 0.20312
vt 0.04688 0.20312
vn 1 0 0
f 1065/1065/267 1066/1066/267 1067/1067/267 1068/1068/267
v 0.28125 -0.17885 -0.08363
v 0.28125 -0.17885 0.00218
v 0.28125 -0.09304 0.00218
v 0.28125 -0.09304 -0.08363
vt 0.04688 0.04688
vt 0.20312 0.04688
vt 0.20312 0.20312
vt 0.04688 0.20312
vn -1 0 0
f 1069/1069/268 1070/1070/268 1071/1071/268 1072/1072/268
v 0.28125 -0.09304 0.00218
v 0.34835 -0.09304 0.00218
v 0.34835 -0.09304 -0.08363
v 0.28125 -0.09304 -0.08363
vt 0.04688 0.04688
vt 0.20312 0.04688
vt 0.20312 0.20312
vt 0.04688 0.20312
vn 0 1 0
f 1073/1073/269 1074/1074/269 1075/1075/269 1076/1076/269
v 0.28125 -0.17885 -0.08363
v 0.34835 -0.17885 -0.08363
v 0.34835 -0.17885 0.00218
v 0.28125 -0.17885 0.00218
vt 0.04688 0.04688
vt 0.20312 0.04688
vt 0.20312 0.20312
vt 0.04688 0.20312
vn 0 -1 0
f 1077/1077/270 1078/1078/270 1079/1079/270 1080/1080/270
v 0.28125 -0.53944 0.06227
v 0.30832 -0.53944 0.06227
v 0.30832 -0.44580 0.06227
v 0.28125 -0.44580 0.06227
vt 0.79688 0.29688
vt 0.95312 0.29688
vt 0.95312 0.45312
vt 0.79688 0.45312
vn 0 0 1
f 1081/1081/271 1082/1082/271 1083/1083/271 1084/1084/271
v 0.30832 -0.53944 -0.03137
v 0.28125 -0.53944 -0.03137
v 0.28125 -0.44580 -0.03137
v 0.30832 -0.44580 -0.03137
vt 0.79688 0.29688
vt 0.95312 0.29688
vt 0.95312 0.45312
vt 0.79688 0.45312
vn 0 0 -1
f 1085/1085/272 1086/1086/272 1087/1087/272 1088/1088/272
v 0.30832 -0.53944 0.06227
v 0.30832 -0.53944 -0.03137
v 0.30832 -0.44580 -0.03137
v 0.30832 -0.44580 0.06227
vt 0.79688 0.29688
vt 0.95312 0.29688
vt 0.95312 0.45312
vt 0.79688 0.45312
vn 1 0 0
f 1089/1089/273 1090/1090/273 1091/1091/273 1092/1092/273
v 0.28125 -0.53944 -0.03137
v 0.28125 -0.53944 0.06227
v 0.28125 -0.44580 0.06227
v 0.28125 -0.44580 -0.03137
vt 0.79688 0.29688
vt 0.95312 0.29688
vt 0.95312 0.45312
vt 0.79688 0.45312
vn -1 0 0
f 1093/1093/274 1094/1094/274 1095/1095/274 1096/1096/274
v 0.28125 -0.44580 0.06227
v 0.30832 -0.44580 0.06227
v 0.30832 -0.44580 -0.03137
v 0.28125 -0.44580 -0.03137
vt 0.79688 0.29688
vt 0.95312 0.29688
vt 0.95312 0.45312
vt 0.79688 0.45312
vn 0 1 0
f 1097/1097/275 1098/1098/275 1099/1099/275 1100/1100/275
v 0.28125 -0.53944 -0.03137
v 0.30832 -0.53944 -0.03137
v 0.30832 -0.53944 0.06227
v 0.28125 -0.53944 0.06227
vt 0.79688 0.29688
vt 0.95312 0.29688
vt 0.95312 0.45312
vt 0.79688 0.45312
vn 0 -1 0
f 1101/1101/276 1102/1102/276 1103/1103/276 1104/1104/276
v -0.18410 0.02500 0.09589
v -0.13314 0.02500 0.09589
v -0.13314 0.04408 0.09589
v -0.18410 0.04408 0.09589
vt 0.04688 0.04688
vt 0.20312 0.04688
vt 0.20312 0.20312
vt 0.04688 0.20312
vn 0 0 1
f 1105/1105/277 1106/1106/277 1107/1107/277 1108/1108/277
v -0.13314 0.02500 0.04493
v -0.18410 0.02500 0.04493
v -0.18410 0.04408 0.04493
v -0.13314 0.04408 0.04493
vt 0.04688 0.04688
vt 0.20312 0.04688
vt 0.20312 0.20312
vt 0.04688 0.20312
vn 0 0 -1
f 1109/1109/278 1110/1110/278 1111/1111/278 1112/1112/278
v -0.13314 0.02500 0.09589
v -0.13314 0.02500 0.04493
v -0.13314 0.04408 0.04493
v -0.13314 0.04408 0.09589
vt 0.04688 0.04688
vt 0.20312 0.04688
vt 0.20312 0.20312
vt 0.04688 0.20312
vn 1 0 0
f 1113/1113/279 1114/1114/279 1115/1115/279 1116/1116/279
v -0.18410 0.02500 0.04493
v -0.18410 0.02500 0.09589
v -0.18410 0.04408 0.09589
v -0.18410 0.04408 0.04493
vt 0.04688 0.04688
vt 0.20312 0.04688
vt 0.20312 0.20312
vt 0.04688 0.20312
vn -1 0 0
f 1117/1117/280 1118/1118/280 1119/1119/280 1120/1120/280
v -0.18410 0.04408 0.09589
v -0.13314 0.04408 0.09589
v -0.13314 0.04408 0.04493
v -0.18410 0.04408 0.04493
vt 0.04688 0.04688
vt 0.20312 0.04688
vt 0.20312 0.20312
vt 0.04688 0.20312
vn 0 1 0
f 1121/1121/281 1122/1122/281 1123/1123/281 1124/1124/281
v -0.18410 0.02500 0.04493
v -0.13314 0.02500 0.04493
v -0.13314 0.02500 0.09589
v -0.18410 0.02500 0.09589
vt 0.04688 0.04688
vt 0.20312 0.04688
vt 0.20312 0.20312
vt 0.04688 0.20312
vn 0 -1 0
f 1125/1125/282 1126/1126/282 1127/1127/282 1128/1128/282
v 0.28125 -0.66777 0.15224
v 0.31329 -0.66777 0.15224
v 0.31329 -0.60590 0.15224
v 0.28125 -0.60590 0.15224
vt 0.29688 0.29688
vt 0.45312 0.29688
vt 0.45312 0.45312
vt 0.29688 0.45312
vn 0 0 1
f 1129/1129/283 1130/1130/283 1131/1131/283 1132/1132/283
v 0.31329 -0.66777 0.09037
v 0.28125 -0.66777 0.09037
v 0.28125 -0.60590 0.09037
v 0.31329 -0.60590 0.09037
vt 0.29688 0.29688
vt 0.45312 0.29688
vt 0.45312 0.45312
vt 0.29688 0.45312
vn 0 0 -1
f 1133/1133/284 1134/1134/284 1135/1135/284 1136/1136/284
v 0.31329 -0.66777 0.15224
v 0.31329 -0.66777 0.09037
v 0.31329 -0.60590 0.09037
v 0.31329 -0.60590 0.15224
vt 0.29688 0.29688
vt 0.45312 0.29688
vt 0.45312 0.45312
vt 0.29688 0.45312
vn 1 0 0
f 1137/1137/285 1138/1138/285 1139/1139/285 1140/1140/285
v 0.28125 -0.66777 0.09037
v 0.28125 -0.66777 0.15224
v 0.28125 -0.60590 0.15224
v 0.28125 -0.60590 0.09037
vt 0.29688 0.29688
vt 0.45312 0.29688
vt 0.45312 0.45312
vt 0.29688 0.45312
vn -1 0 0
f 1141/1141/286 1142/1142/286 1143/1143/286 1144/1144/286
v 0.28125 -0.60590 0.15224
v 0.31329 -0.60590 0.15224
v 0.31329 -0.60590 0.09037
v 0.28125 -0.60590 0.09037
vt 0.29688 0.29688
vt 0.45312 0.29688
vt 0.45312 0.45312
vt 0.29688 0.45312
vn 0 1 0
f 1145/1145/287 1146/1146/287 1147/1147/287 1148/1148/287
v 0.28125 -0.66777 0.09037
v 0.31329 -0.66777 0.09037
v 0.31329 -0.66777 0.15224
v 0.28125 -0.66777 0.15224
vt 0.29688 0.29688
vt 0.45312 0.29688
vt 0.45312 0.45312
vt 0.29688 0.45312
vn 0 -1 0
f 1149/1149/288 1150/1150/288 1151/1151/288 1152/1152/288
v 0.17977 -0.27530 0.21400
v 0.26127 -0.27530 0.21400
v 0.26127 -0.19380 0.21400
v 0.17977 -0.19380 0.21400
vt 0.79688 0.29688
vt 0.95312 0.29688
vt 0.95312 0.45312
vt 0.79688 0.45312
vn 0 0 1
f 1153/1153/289 1154/1154/289 1155/1155/289 1156/1156/289
v 0.26127 -0.27530 0.15625
v 0.17977 -0.27530 0.15625
v 0.17977 -0.19380 0.15625
v 0.26127 -0.19380 0.15625
vt 0.79688 0.29688
vt 0.95312 0.29688
vt 0.95312 0.45312
vt 0.79688 0.45312
vn 0 0 -1
f 1157/1157/290 1158/1158/290 1159/1159/290 1160/1160/290
v 0.26127 -0.27530 0.21400
v 0.26127 -0.27530 0.15625
v 0.26127 -0.19380 0.15625
v 0.26127 -0.19380 0.21400
vt 0.79688 0.29688
vt 0.95312 0.29688
vt 0.95312 0.45312
vt 0.79688 0.45312
vn 1 0 0
f 1161/1161/291 1162/1162/291 1163/1163/291 1164/1164/291
v 0.17977 -0.27530 0.15625
v 0.17977 -0.27530 0.21400
v 0.17977 -0.19380 0.21400
v 0.17977 -0.19380 0.15625
vt 0.79688 0.29688
vt 0.95312 0.29688
vt 0.95312 0.45312
vt 0.79688 0.45312
vn -1 0 0
f 1165/1165/292 1166/1166/292 1167/1167/292 1168/1168/292
v 0.17977 -0.19380 0.21400
v 0.26127 -0.19380 0.21400
v 0.26127 -0.19380 0.15625
v 0.17977 -0.19380 0.15625
vt 0.79688 0.29688
vt 0.95312 0.29688
vt 0.95312 0.45312
vt 0.79688 0.45312
vn 0 1 0
f 1169/1169/293 1170/1170/293 1171/1171/293 1172/1172/293
v 0.17977 -0.27530 0.15625
v 0.26127 -0.27530 0.15625
v 0.26127 -0.27530 0.21400
v 0.17977 -0.27530 0.21400
vt 0.79688 0.29688
vt 0.95312 0.29688
vt 0.95312 0.45312
vt 0.79688 0.45312
vn 0 -1 0
f 1173/1173/294 1174/1174/294 1175/1175/294 1176/1176/294
v 0.07461 -0.38427 -0.15625
v 0.16580 -0.38427 -0.15625
v 0.16580 -0.29307 -0.15625
v 0.07461 -0.29307 -0.15625
vt 0.29688 0.29688
vt 0.45312 0.29688
vt 0.45312 0.45312
vt 0.29688 0.45312
vn 0 0 1
f 1177/1177/295 1178/1178/295 1179/1179/295 1180/1180/295
v 0.16580 -0.38427 -0.19405
v 0.07461 -0.38427 -0.19405
v 0.07461 -0.29307 -0.19405
v 0.16580 -0.29307 -0.19405
vt 0.29688 0.29688
vt 0.45312 0.29688
vt 0.45312 0.45312
vt 0.29688 0.45312
vn 0 0 -1
f 1181/1181/296 1182/1182/296 1183/1183/296 1184/1184/296
v 0.16580 -0.38427 -0.15625
v 0.16580 -0.38427 -0.19405
v 0.16580 -0.29307 -0.19405
v 0.16580 -0.29307 -0.15625
vt 0.29688 0.29688
vt 0.45312 0.29688
vt 0.45312 0.45312
vt 0.29688 0.45312
vn 1 0 0
f 1185/1185/297 1186/1186/297 1187/1187/297 1188/1188/297
v 0.07461 -0.38427 -0.19405
v 0.07461 -0.38427 -0.15625
v 0.07461 -0.29307 -0.15625
v 0.07461 -0.29307 -0.19405
vt 0.29688 0.29688
vt 0.45312 0.29688
vt 0.45312 0.45312
vt 0.29688 0.45312
vn -1 0 0
f 1189/1189/298 1190/1190/298 1191/1191/298 1192/1192/298
v 0.07461 -0.29307 -0.15625
v 0.16580 -0.29307 -0.15625
v 0.16580 -0.29307 -0.19405
v 0.07461 -0.29307 -0.19405
vt 0.29688 0.29688
vt 0.45312 0.29688
vt 0.45312 0.45312
vt 0.29688 0.45312
vn 0 1 0
f 1193/1193/299 1194/1194/299 1195/1195/299 1196/1196/299
v 0.07461 -0.38427 -0.19405
v 0.16580 -0.38427 -0.19405
v 0.16580 -0.38427 -0.15625
v 0.07461 -0.38427 -0.15625
vt 0.29688 0.29688
vt 0.45312 0.29688
vt 0.45312 0.45312
vt 0.29688 0.45312
vn 0 -1 0
f 1197/1197/300 1198/1198/300 1199/1199/300 1200/1200/300
v -0.00949 -0.07204 0.19487
v 0.04946 -0.07204 0.19487
v 0.04946 -0.01308 0.19487
v -0.00949 -0.01308 0.19487
vt 0.79688 0.29688
vt 0.95312 0.29688
vt 0.95312 0.45312
vt 0.79688 0.45312
vn 0 0 1
f 1201/1201/301 1202/1202/301 1203/1203/301 1204/1204/301
v 0.04946 -0.07204 0.15625
v -0.00949 -0.07204 0.15625
v -0.00949 -0.01308 0.15625
v 0.04946 -0.01308 0.15625
vt 0.79688 0.29688
vt 0.95312 0.29688
vt 0.95312 0.45312
vt 0.79688 0.45312
vn 0 0 -1
f 1205/1205/302 1206/1206/302 1207/1207/302 1208/1208/302
v 0.04946 -0.07204 0.19487
v 0.04946 -0.07204 0.15625
v 0.04946 -0.01308 0.15625
v 0.04946 -0.01308 0.19487
vt 0.79688 0.29688
vt 0.95312 0.29688
vt 0.95312 0.45312
vt 0.79688 0.45312
vn 1 0 0
f 1209/1209/303 1210/1210/303 1211/1211/303 1212/1212/303
v -0.00949 -0.07204 0.15625
v -0.00949 -0.07204 0.19487
v -0.00949 -0.01308 0.19487
v -0.00949 -0.01308 0.15625
vt 0.79688 0.29688
vt 0.95312 0.29688
vt 0.95312 0.45312
vt 0.79688 0.45312
vn -1 0 0
f 1213/1213/304 1214/1214/304 1215/1215/304 1216/1216/304
v -0.00949 -0.01308 0.19487
v 0.04946 -0.01308 0.19487
v 0.04946 -0.01308 0.15625
v -0.00949 -0.01308 0.15625
vt 0.79688 0.29688
vt 0.95312 0.29688
vt 0.95312 0.45312
vt 0.79688 0.45312
vn 0 1 0
f 1217/1217/305 1218/1218/305 1219/1219/305 1220/1220/305
v -0.00949 -0.07204 0.15625
v 0.04946 -0.07204 0.15625
v 0.04946 -0.07204 0.19487
v -0.00949 -0.07204 0.19487
vt 0.79688 0.29688
vt 0.95312 0.29688
vt 0.95312 0.45312
vt 0.79688 0.45312
vn 0 -1 0
f 1221/1221/306 1222/1222/306 1223/1223/306 1224/1224/306
v 0.12766 0.02500 0.08667
v 0.20839 0.02500 0.08667
v 0.20839 0.06269 0.08667
v 0.12766 0.06269 0.08667
vt 0.04688 0.04688
vt 0.20312 0.04688
vt 0.20312 0.20312
vt 0.04688 0.20312
vn 0 0 1
f 1225/1225/307 1226/1226/307 1227/1227/307 1228/1228/307
v 0.20839 0.02500 0.00595
v 0.12766 0.02500 0.00595
v 0.12766 0.06269 0.00595
v 0.20839 0.06269 0.00595
vt 0.04688 0.04688
vt 0.20312 0.04688
vt 0.20312 0.20312
vt 0.04688 0.20312
vn 0 0 -1
f 1229/1229/308 1230/1230/308 1231/1231/308 1232/1232/308
v 0.20839 0.02500 0.08667
v 0.20839 0.02500 0.00595
v 0.20839 0.06269 0.00595
v 0.20839 0.06269 0.08667
vt 0.04688 0.04688
vt 0.20312 0.04688
vt 0.20312 0.20312
vt 0.04688 0.20312
vn 1 0 0
f 1233/1233/309 1234/1234/309 1235/1235/309 1236/1236/309
v 0.12766 0.02500 0.00595
v 0.12766 0.02500 0.08667
v 0.12766 0.06269 0.08667
v 0.12766 0.06269 0.00595
vt 0.04688 0.04688
vt 0.20312 0.04688
vt 0.20312 0.20312
vt 0.04688 0.20312
vn -1 0 0
f 1237/1237/310 1238/1238/310 1239/1239/310 1240/1240/310
v 0.12766 0.06269 0.08667
v 0.20839 0.06269 0.08667
v 0.20839 0.06269 0.00595
v 0.12766 0.06269 0.00595
vt 0.04688 0.04688
vt 0.20312 0.04688
vt 0.20312 0.20312
vt 0.04688 0.20312
vn 0 1 0
f 1241/1241/311 1242/1242/311 1243/1243/311 1244/1244/311
v 0.12766 0.02500 0.00595
v 0.20839 0.02500 0.00595
v 0.20839 0.02500 0.08667
v 0.12766 0.02500 0.08667
vt 0.04688 0.04688
vt 0.20312 0.04688
vt 0.20312 0.20312
vt 0.04688 0.20312
vn 0 -1 0
f 1245/1245/312 1246/1246/312 1247/1247/312 1248/1248/312
v -0.21524 -0.42316 -0.15625
v -0.16088 -0.42316 -0.15625
v -0.16088 -0.36880 -0.15625
v -0.21524 -0.36880 -0.15625
vt 0.04688 0.04688
vt 0.20312 0.04688
vt 0.20312 0.20312
vt 0.04688 0.20312
vn 0 0 1
f 1249/1249/313 1250/1250/313 1251/1251/313 1252/1252/313
v -0.16088 -0.42316 -0.22788
v -0.21524 -0.42316 -0.22788
v -0.21524 -0.36880 -0.22788
v -0.16088 -0.36880 -0.22788
vt 0.04688 0.04688
vt 0.20312 0.04688
vt 0.20312 0.20312
vt 0.04688 0.20312
vn 0 0 -1
f 1253/1253/314 1254/1254/314 1255/1255/314 1256/1256/314
v -0.16088 -0.42316 -0.15625
v -0.16088 -0.42316 -0.22788
v -0.16088 -0.36880 -0.22788
v -0.16088 -0.36880 -0.15625
vt 0.04688 0.04688
vt 0.20312 0.04688
vt 0.20312 0.20312
vt 0.04688 0.20312
vn 1 0 0
f 1257/1257/315 1258/1258/315 1259/1259/315 1260/1260/315
v -0.21524 -0.42316 -0.22788
v -0.21524 -0.42316 -0.15625
v -0.21524 -0.36880 -0.15625
v -0.21524 -0.36880 -0.22788
vt 0.04688 0.04688
vt 0.20312 0.04688
vt 0.20312 0.20312
vt 0.04688 0.20312
vn -1 0 0
f 1261/1261/316 1262/1262/316 1263/1263/316 1264/1264/316
v -0.21524 -0.36880 -0.15625
v -0.16088 -0.36880 -0.15625
v -0.16088 -0.36880 -0.22788
v -0.21524 -0.36880 -0.22788
vt 0.04688 0.04688
vt 0.20312 0.04688
vt 0.20312 0.20312
vt 0.04688 0.20312
vn 0 1 0
f 1265/1265/317 1266/1266/317 1267/1267/317 1268/1268/317
v -0.21524 -0.42316 -0.22788
v -0.16088 -0.42316 -0.22788
v -0.16088 -0.42316 -0.15625
v -0.21524 -0.42316 -0.15625
vt 0.04688 0.04688
vt 0.20312 0.04688
vt 0.20312 0.20312
vt 0.04688 0.20312
vn 0 -1 0
f 1269/1269/318 1270/1270/318 1271/1271/318 1272/1272/318
v -0.05234 -0.29006 0.20969
v 0.01650 -0.29006 0.20969
v 0.01650 -0.22122 0.20969
v -0.05234 -0.22122 0.20969
vt 0.79688 0.29688
vt 0.95312 0.29688
vt 0.95312 0.45312
vt 0.79688 0.45312
vn 0 0 1
f 1273/1273/319 1274/1274/319 1275/1275/319 1276/1276/319
v 0.01650 -0.29006 0.15625
v -0.05234 -0.29006 0.15625
v -0.05234 -0.22122 0.15625
v 0.01650 -0.22122 0.15625
vt 0.79688 0.29688
vt 0.95312 0.29688
vt 0.95312 0.45312
vt 0.79688 0.45312
vn 0 0 -1
f 1277/1277/320 1278/1278/320 1279/1279/320 1280/1280/320
v 0.01650 -0.29006 0.20969
v 0.01650 -0.29006 0.15625
v 0.01650 -0.22122 0.15625
v 0.01650 -0.22122 0.20969
vt 0.79688 0.29688
vt 0.95312 0.29688
vt 0.95312 0.45312
vt 0.79688 0.45312
vn 1 0 0
f 1281/1281/321 1282/1282/321 1283/1283/321 1284/1284/321
v -0.05234 -0.29006 0.15625
v -0.05234 -0.29006 0.20969
v -0.05234 -0.22122 0.20969
v -0.05234 -0.22122 0.15625
vt 0.79688 0.29688
vt 0.95312 0.29688
vt 0.95312 0.45312
vt 0.79688 0.45312
vn -1 0 0
f 1285/1285/322 1286/1286/322 1287/1287/322 1288/1288/322
v -0.05234 -0.22122 0.20969
v 0.01650 -0.22122 0.20969
v 0.01650 -0.22122 0.15625
v -0.05234 -0.22122 0.15625
vt 0.79688 0.29688
vt 0.95312 0.29688
vt 0.95312 0.45312
vt 0.79688 0.45312
vn 0 1 0
f 1289/1289/323 1290/1290/323 1291/1291/323 1292/1292/323
v -0.05234 -0.29006 0.15625
v 0.01650 -0.29006 0.15625
v 0.01650 -0.29006 0.20969
v -0.05234 -0.29006 0.20969
vt 0.79688 0.29688
vt 0.95312 0.29688
vt 0.95312 0.45312
vt 0.79688 0.45312
vn 0 -1 0
f 1293/1293/324 1294/1294/324 1295/1295/324 1296/1296/324
v -0.17299 -0.10197 -0.15625
v -0.11804 -0.10197 -0.15625
v -0.11804 -0.04702 -0.15625
v -0.17299 -0.04702 -0.15625
vt 0.29688 0.29688
vt 0.45312 0.29688
vt 0.45312 0.45312
vt 0.29688 0.45312
vn 0 0 1
f 1297/1297/325 1298/1298/325 1299/1299/325 1300/1300/325
v -0.11804 -0.10197 -0.22456
v -0.17299 -0.10197 -0.22456
v -0.17299 -0.04702 -0.22456
v -0.11804 -0.04702 -0.22456
vt 0.29688 0.29688
vt 0.45312 0.29688
vt 0.45312 0.45312
vt 0.29688 0.45312
vn 0 0 -1
f 1301/1301/326 1302/1302/326 1303/1303/326 1304/1304/326
v -0.11804 -0.10197 -0.15625
v -0.11804 -0.10197 -0.22456
v -0.11804 -0.04702 -0.22456
v -0.11804 -0.04702 -0.15625
vt 0.29688 0.29688
vt 0.45312 0.29688
vt 0.45312 0.45312
vt 0.29688 0.45312
vn 1 0 0
f 1305/1305/327 1306/1306/327 1307/1307/327 1308/1308/327
v -0.17299 -0.10197 -0.22456
v -0.17299 -0.10197 -0.15625
v -0.17299 -0.04702 -0.15625
v -0.17299 -0.04702 -0.22456
vt 0.29688 0.29688
vt 0.45312 0.29688
vt 0.45312 0.45312
vt 0.29688 0.45312
vn -1 0 0
f 1309/1309/328 1310/1310/328 1311/1311/328 1312/1312/328
v -0.17299 -0.04702 -0.15625
v -0.11804 -0.04702 -0.15625
v -0.11804 -0.04702 -0.22456
v -0.17299 -0.04702 -0.22456
vt 0.29688 0.29688
vt 0.45312 0.29688
vt 0.45312 0.45312
vt 0.29688 0.45312
vn 0 1 0
f 1313/1313/329 1314/1314/329 1315/1315/329 1316/1316/329
v -0.17299 -0.10197 -0.22456
v -0.11804 -0.10197 -0.22456
v -0.11804 -0.10197 -0.15625
v -0.17299 -0.10197 -0.15625
vt 0.29688 0.29688
vt 0.45312 0.29688
vt 0.45312 0.45312
vt 0.29688 0.45312
vn 0 -1 0
f 1317/1317/330 1318/1318/330 1319/1319/330 1320/1320/330
v -0.15983 -0.26436 0.20810
v -0.06096 -0.26436 0.20810
v -0.06096 -0.16549 0.20810
v -0.15983 -0.16549 0.20810
vt 0.79688 0.29688
vt 0.95312 0.29688
vt 0.95312 0.45312
vt 0.79688 0.45312
vn 0 0 1
f 1321/1321/331 1322/1322/331 1323/1323/331 1324/1324/331
v -0.06096 -0.26436 0.15625
v -0.15983 -0.26436 0.15625
v -0.15983 -0.16549 0.15625
v -0.06096 -0.16549 0.15625
vt 0.79688 0.29688
vt 0.95312 0.29688
vt 0.95312 0.45312
vt 0.79688 0.45312
vn 0 0 -1
f 1325/1325/332 1326/1326/332 1327/1327/332 1328/1328/332
v -0.06096 -0.26436 0.20810
v -0.06096 -0.26436 0.15625
v -0.06096 -0.16549 0.15625
v -0.06096 -0.16549 0.20810
vt 0.79688 0.29688
vt 0.95312 0.29688
vt 0.95312 0.45312
vt 0.79688 0.45312
vn 1 0 0
f 1329/1329/333 1330/1330/333 1331/1331/333 1332/1332/333
v -0.15983 -0.26436 0.15625
v -0.15983 -0.26436 0.20810
v -0.15983 -0.16549 0.20810
v -0.15983 -0.16549 0.15625
vt 0.79688 0.29688
vt 0.95312 0.29688
vt 0.95312 0.45312
vt 0.79688 0.45312
vn -1 0 0
f 1333/1333/334 1334/1334/334 1335/1335/334 1336/1336/334
v -0.15983 -0.16549 0.20810
v -0.06096 -0.16549 0.20810
v -0.06096 -0.16549 0.15625
v -0.15983 -0.16549 0.15625
vt 0.79688 0.29688
vt 0.95312 0.29688
vt 0.95312 0.45312
vt 0.79688 0.45312
vn 0 1 0
f 1337/1337/335 1338/1338/335 1339/1339/335 1340/1340/335
v -0.15983 -0.26436 0.15625
v -0.06096 -0.26436 0.15625
v -0.06096 -0.26436 0.20810
v -0.15983 -0.26436 0.20810
vt 0.79688 0.29688
vt 0.95312 0.29688
vt 0.95312 0.45312
vt 0.79688 0.45312
vn 0 -1 0
f 1341/1341/336 1342/1342/336 1343/1343/336 1344/1344/336
v -0.11191 -0.45182 0.18539
v -0.04448 -0.45182 0.18539
v -0.04448 -0.38439 0.18539
v -0.11191 -0.38439 0.18539
vt 0.04688 0.04688
vt 0.20312 0.04688
vt 0.20312 0.20312
vt 0.04688 0.20312
vn 0 0 1
f 1345/1345/337 1346/1346/337 1347/1347/337 1348/1348/337
v -0.04448 -0.45182 0.15625
v -0.11191 -0.45182 0.15625
v -0.11191 -0.38439 0.15625
v -0.04448 -0.38439 0.15625
vt 0.04688 0.04688
vt 0.20312 0.04688
vt 0.20312 0.20312
vt 0.04688 0.20312
vn 0 0 -1
f 1349/1349/338 1350/1350/338 1351/1351/338 1352/1352/338
v -0.04448 -0.45182 0.18539
v -0.04448 -0.45182 0.15625
v -0.04448 -0.38439 0.15625
v -0.04448 -0.38439 0.18539
vt 0.04688 0.04688
vt 0.20312 0.04688
vt 0.20312 0.20312
vt 0.04688 0.20312
vn 1 0 0
f 1353/1353/339 1354/1354/339 1355/1355/339 1356/1356/339
v -0.11191 -0.45182 0.15625
v -0.11191 -0.45182 0.18539
v -0.11191 -0.38439 0.18539
v -0.11191 -0.38439 0.15625
vt 0.04688 0.04688
vt 0.20312 0.04688
vt 0.20312 0.20312
vt 0.04688 0.20312
vn -1 0 0
f 1357/1357/340 1358/1358/340 1359/1359/340 1360/1360/340
v -0.11191 -0.38439 0.18539
v -0.04448 -0.38439 0.18539
v -0.04448 -0.38439 0.15625
v -0.11191 -0.38439 0.15625
vt 0.04688 0.04688
vt 0.20312 0.04688
vt 0.20312 0.20312
vt 0.04688 0.20312
vn 0 1 0
f 1361/1361/341 1362/1362/341 1363/1363/341 1364/1364/341
v -0.11191 -0.45182 0.15625
v -0.04448 -0.45182 0.15625
v -0.04448 -0.45182 0.18539
v -0.11191 -0.45182 0.18539
vt 0.04688 0.04688
vt 0.20312 0.04688
vt 0.20312 0.20312
vt 0.04688 0.20312
vn 0 -1 0
f 1365/1365/342 1366/1366/342 1367/1367/342 1368/1368/342
v 0.28125 -0.72540 0.02026
v 0.30767 -0.72540 0.02026
v 0.30767 -0.65103 0.02026
v 0.28125 -0.65103 0.02026
vt 0.29688 0.29688
vt 0.45312 0.29688
vt 0.45312 0.45312
vt 0.29688 0.45312
vn 0 0 1
f 1369/1369/343 1370/1370/343 1371/1371/343 1372/1372/343
v 0.30767 -0.72540 -0.05411
v 0.28125 -0.72540 -0.05411
v 0.28125 -0.65103 -0.05411
v 0.30767 -0.65103 -0.05411
vt 0.29688 0.29688
vt 0.45312 0.29688
vt 0.45312 0.45312
vt 0.29688 0.45312
vn 0 0 -1
f 1373/1373/344 1374/1374/344 1375/1375/344 1376/1376/344
v 0.30767 -0.72540 0.02026
v 0.30767 -0.72540 -0.05411
v 0.30767 -0.65103 -0.05411
v 0.30767 -0.65103 0.02026
vt 0.29688 0.29688
vt 0.45312 0.29688
vt 0.45312 0.45312
vt 0.29688 0.45312
vn 1 0 0
f 1377/1377/345 1378/1378/345 1379/1379/345 1380/1380/345
v 0.28125 -0.72540 -0.05411
v 0.28125 -0.72540 0.02026
v 0.28125 -0.65103 0.02026
v 0.28125 -0.65103 -0.05411
vt 0.29688 0.29688
vt 0.45312 0.29688
vt 0.45312 0.45312
vt 0.29688 0.45312
vn -1 0 0
f 1381/1381/346 1382/1382/346 1383/1383/346 1384/1384/346
v 0.28125 -0.65103 0.02026
v 0.30767 -0.65103 0.02026
v 0.30767 -0.65103 -0.05411
v 0.28125 -0.65103 -0.05411
vt 0.29688 0.29688
vt 0.45312 0.29688
vt 0.45312 0.45312
vt 0.29688 0.45312
vn 0 1 0
f 1385/1385/347 1386/1386/347 1387/1387/347 1388/1388/347
v 0.28125 -0.72540 -0.05411
v 0.30767 -0.72540 -0.05411
v 0.30767 -0.72540 0.02026
v 0.28125 -0.72540 0.02026
vt 0.29688 0.29688
vt 0.45312 0.29688
vt 0.45312 0.45312
vt 0.29688 0.45312
vn 0 -1 0
f 1389/1389/348 1390/1390/348 1391/1391/348 1392/1392/348
v -0.04797 0.02500 0.15621
v 0.01878 0.02500 0.15621
v 0.01878 0.06364 0.15621
v -0.04797 0.06364 0.15621
vt 0.54688 0.29688
vt 0.70312 0.29688
vt 0.70312 0.45312
vt 0.54688 0.45312
vn 0 0 1
f 1393/1393/349 1394/1394/349 1395/1395/349 1396/1396/349
v 0.01878 0.02500 0.08946
v -0.04797 0.02500 0.08946
v -0.04797 0.06364 0.08946
v 0.01878 0.06364 0.08946
vt 0.54688 0.29688
vt 0.70312 0.29688
vt 0.70312 0.45312
vt 0.54688 0.45312
vn 0 0 -1
f 1397/1397/350 1398/1398/350 1399/1399/350 1400/1400/350
v 0.01878 0.02500 0.15621
v 0.01878 0.02500 0.08946
v 0.01878 0.06364 0.08946
v 0.01878 0.06364 0.15621
vt 0.54688 0.29688
vt 0.70312 0.29688
vt 0.70312 0.45312
vt 0.54688 0.45312
vn 1 0 0
f 1401/1401/351 1402/1402/351 1403/1403/351 1404/1404/351
v -0.04797 0.02500 0.08946
v -0.04797 0.02500 0.15621
v -0.04797 0.06364 0.15621
v -0.04797 0.06364 0.08946
vt 0.54688 0.29688
vt 0.70312 0.29688
vt 0.70312 0.45312
vt 0.54688 0.45312
vn -1 0 0
f 1405/1405/352 1406/1406/352 1407/1407/352 1408/1408/352
v -0.04797 0.06364 0.15621
v 0.01878 0.06364 0.15621
v 0.01878 0.06364 0.08946
v -0.04797 0.06364 0.08946
vt 0.54688 0.29688
vt 0.70312 0.29688
vt 0.70312 0.45312
vt 0.54688 0.45312
vn 0 1 0
f 1409/1409/353 1410/1410/353 1411/1411/353 1412/1412/353
v -0.04797 0.02500 0.08946
v 0.01878 0.02500 0.08946
v 0.01878 0.02500 0.15621
v -0.04797 0.02500 0.15621
vt 0.54688 0.29688
vt 0.70312 0.29688
vt 0.70312 0.45312
vt 0.54688 0.45312
vn 0 -1 0
f 1413/1413/354 1414/1414/354 1415/1415/354 1416/1416/354
v -0.00885 0.02500 0.08769
v 0.08315 0.02500 0.08769
v 0.08315 0.06068 0.08769
v -0.00885 0.06068 0.08769
vt 0.04688 0.04688
vt 0.20312 0.04688
vt 0.20312 0.20312
vt 0.04688 0.20312
vn 0 0 1
f 1417/1417/355 1418/1418/355 1419/1419/355 1420/1420/355
v 0.08315 0.02500 -0.00431
v -0.00885 0.02500 -0.00431
v -0.00885 0.06068 -0.00431
v 0.08315 0.06068 -0.00431
vt 0.04688 0.04688
vt 0.20312 0.04688
vt 0.20312 0.20312
vt 0.04688 0.20312
vn 0 0 -1
f 1421/1421/356 1422/1422/356 1423/1423/356 1424/1424/356
v 0.08315 0.02500 0.08769
v 0.08315 0.02500 -0.00431
v 0.08315 0.06068 -0.00431
v 0.08315 0.06068 0.08769
vt 0.04688 0.04688
vt 0.20312 0.04688
vt 0.20312 0.20312
vt 0.04688 0.20312
vn 1 0 0
f 1425/1425/357 1426/1426/357 1427/1427/357 1428/1428/357
v -0.00885 0.02500 -0.00431
v -0.00885 0.02500 0.08769
v -0.00885 0.06068 0.08769
v -0.00885 0.06068 -0.00431
vt 0.04688 0.04688
vt 0.20312 0.04688
vt 0.20312 0.20312
vt 0.04688 0.20312
vn -1 0 0
f 1429/1429/358 1430/1430/358 1431/1431/358 1432/1432/358
v -0.00885 0.06068 0.08769
v 0.08315 0.06068 0.08769
v 0.08315 0.06068 -0.00431
v -0.00885 0.06068 -0.00431
vt 0.04688 0.04688
vt 0.20312 0.04688
vt 0.20312 0.20312
vt 0.04688 0.20312
vn 0 1 0
f 1433/1433/359 1434/1434/359 1435/1435/359 1436/1436/359
v -0.00885 0.02500 -0.00431
v 0.08315 0.02500 -0.00431
v 0.08315 0.02500 0.08769
v -0.00885 0.02500 0.08769
vt 0.04688 0.04688
vt 0.20312 0.04688
vt 0.20312 0.20312
vt 0.04688 0.20312
vn 0 -1 0
f 1437/1437/360 1438/1438/360 1439/1439/360 1440/1440/360
v -0.02481 -0.15691 -0.15625
v 0.04716 -0.15691 -0.15625
v 0.04716 -0.08494 -0.15625
v -0.02481 -0.08494 -0.15625
vt 0.54688 0.29688
vt 0.70312 0.29688
vt 0.70312 0.45312
vt 0.54688 0.45312
vn 0 0 1
f 1441/1441/361 1442/1442/361 1443/1443/361 1444/1444/361
v 0.04716 -0.15691 -0.20919
v -0.02481 -0.15691 -0.20919
v -0.02481 -0.08494 -0.20919
v 0.04716 -0.08494 -0.20919
vt 0.54688 0.29688
vt 0.70312 0.29688
vt 0.70312 0.45312
vt 0.54688 0.45312
vn 0 0 -1
f 1445/1445/362 1446/1446/362 1447/1447/362 1448/1448/362
v 0.04716 -0.15691 -0.15625
v 0.04716 -0.15691 -0.20919
v 0.04716 -0.08494 -0.20919
v 0.04716 -0.08494 -0.15625
vt 0.54688 0.29688
vt 0.70312 0.29688
vt 0.70312 0.45312
vt 0.54688 0.45312
vn 1 0 0
f 1449/1449/363 1450/1450/363 1451/1451/363 1452/1452/363
v -0.02481 -0.15691 -0.20919
v -0.02481 -0.15691 -0.15625
v -0.02481 -0.08494 -0.15625
v -0.02481 -0.08494 -0.20919
vt 0.54688 0.29688
vt 0.70312 0.29688
vt 0.70312 0.45312
vt 0.54688 0.45312
vn -1 0 0
f 1453/1453/364 1454/1454/364 1455/1455/364 1456/1456/364
v -0.02481 -0.08494 -0.15625
v 0.04716 -0.08494 -0.15625
v 0.04716 -0.08494 -0.20919
v -0.02481 -0.08494 -0.20919
vt 0.54688 0.29688
vt 0.70312 0.29688
vt 0.70312 0.45312
vt 0.54688 0.45312
vn 0 1 0
f 1457/1457/365 1458/1458/365 1459/1459/365 1460/1460/365
v -0.02481 -0.15691 -0.20919
v 0.04716 -0.15691 -0.20919
v 0.04716 -0.15691 -0.15625
v -0.02481 -0.15691 -0.15625
vt 0.54688 0.29688
vt 0.70312 0.29688
vt 0.70312 0.45312
vt 0.54688 0.45312
vn 0 -1 0
f 1461/1461/366 1462/1462/366 1463/1463/366 1464/1464/366
v -0.12912 0.02500 -0.05818
v -0.06630 0.02500 -0.05818
v -0.06630 0.06014 -0.05818
v -0.12912 0.06014 -0.05818
vt 0.54688 0.29688
vt 0.70312 0.29688
vt 0.70312 0.45312
vt 0.54688 0.45312
vn 0 0 1
f 1465/1465/367 1466/1466/367 1467/1467/367 1468/1468/367
v -0.06630 0.02500 -0.12101
v -0.12912 0.02500 -0.12101
v -0.12912 0.06014 -0.12101
v -0.06630 0.06014 -0.12101
vt 0.54688 0.29688
vt 0.70312 0.29688
vt 0.70312 0.45312
vt 0.54688 0.45312
vn 0 0 -1
f 1469/1469/368 1470/1470/368 1471/1471/368 1472/1472/368
v -0.06630 0.02500 -0.05818
v -0.06630 0.02500 -0.12101
v -0.06630 0.06014 -0.12101
v -0.06630 0.06014 -0.05818
vt 0.54688 0.29688
vt 0.70312 0.29688
vt 0.70312 0.45312
vt 0.54688 0.45312
vn 1 0 0
f 1473/1473/369 1474/1474/369 1475/1475/369 1476/1476/369
v -0.12912 0.02500 -0.12101
v -0.12912 0.02500 -0.05818
v -0.12912 0.06014 -0.05818
v -0.12912 0.06014 -0.12101
vt 0.54688 0.29688
vt 0.70312 0.29688
vt 0.70312 0.45312
vt 0.54688 0.45312
vn -1 0 0
f 1477/1477/370 1478/1478/370 1479/1479/370 1480/1480/370
v -0.12912 0.06014 -0.05818
v -0.06630 0.06014 -0.05818
v -0.06630 0.06014 -0.12101
v -0.12912 0.06014 -0.12101
vt 0.54688 0.29688
vt 0.70312 0.29688
vt 0.70312 0.45312
vt 0.54688 0.45312
vn 0 1 0
f 1481/1481/371 1482/1482/371 1483/1483/371 1484/1484/371
v -0.12912 0.02500 -0.12101
v -0.06630 0.02500 -0.12101
v -0.06630 0.02500 -0.05818
v -0.12912 0.02500 -0.05818
vt 0.54688 0.29688
vt 0.70312 0.29688
vt 0.70312 0.45312
vt 0.54688 0.45312
vn 0 -1 0
f 1485/1485/372 1486/1486/372 1487/1487/372 1488/1488/372
v -0.08134 0.02500 -0.05304
v -0.00513 0.02500 -0.05304
v -0.00513 0.05719 -0.05304
v -0.08134 0.05719 -0.05304
vt 0.54688 0.29688
vt 0.70312 0.29688
vt 0.70312 0.45312
vt 0.54688 0.45312
vn 0 0 1
f 1489/1489/373 1490/1490/373 1491/1491/373 1492/1492/373
v -0.00513 0.02500 -0.12925
v -0.08134 0.02500 -0.12925
v -0.08134 0.05719 -0.12925
v -0.00513 0.05719 -0.12925
vt 0.54688 0.29688
vt 0.70312 0.29688
vt 0.70312 0.45312
vt 0.54688 0.45312
vn 0 0 -1
f 1493/1493/374 1494/1494/374 1495/1495/374 1496/1496/374
v -0.00513 0.02500 -0.05304
v -0.00513 0.02500 -0.12925
v -0.00513 0.05719 -0.12925
v -0.00513 0.05719 -0.05304
vt 0.54688 0.29688
vt 0.70312 0.29688
vt 0.70312 0.45312
vt 0.54688 0.45312
vn 1 0 0
f 1497/1497/375 1498/1498/375 1499/1499/375 1500/1500/375
v -0.08134 0.02500 -0.12925
v -0.08134 0.02500 -0.05304
v -0.08134 0.05719 -0.05304
v -0.08134 0.05719 -0.12925
vt 0.54688 0.29688
vt 0.70312 0.29688
vt 0.70312 0.45312
vt 0.54688 0.45312
vn -1 0 0
f 1501/1501/376 1502/1502/376 1503/1503/376 1504/1504/376
v -0.08134 0.05719 -0.05304
v -0.00513 0.05719 -0.05304
v -0.00513 0.05719 -0.12925
v -0.08134 0.05719 -0.12925
vt 0.54688 0.29688
vt 0.70312 0.29688
vt 0.70312 0.45312
vt 0.54688 0.45312
vn 0 1 0
f 1505/1505/377 1506/1506/377 1507/1507/377 1508/1508/377
v -0.08134 0.02500 -0.12925
v -0.00513 0.02500 -0.12925
v -0.00513 0.02500 -0.05304
v -0.08134 0.02500 -0.05304
vt 0.54688 0.29688
vt 0.70312 0.29688
vt 0.70312 0.45312
vt 0.54688 0.45312
vn 0 -1 0
f 1509/1509/378 1510/1510/378 1511/1511/378 1512/1512/378
v -0.03241 -0.47170 0.18264
v 0.04786 -0.47170 0.18264
v 0.04786 -0.39144 0.18264
v -0.03241 -0.39144 0.18264
vt 0.29688 0.29688
vt 0.45312 0.29688
vt 0.45312 0.45312
vt 0.29688 0.45312
vn 0 0 1
f 1513/1513/379 1514/1514/379 1515/1515/379 1516/1516/379
v 0.04786 -0.47170 0.15625
v -0.03241 -0.47170 0.15625
v -0.03241 -0.39144 0.15625
v 0.04786 -0.39144 0.15625
vt 0.29688 0.29688
vt 0.45312 0.29688
vt 0.45312 0.45312
vt 0.29688 0.45312
vn 0 0 -1
f 1517/1517/380 1518/1518/380 1519/1519/380 1520/1520/380
v 0.04786 -0.47170 0.18264
v 0.04786 -0.47170 0.15625
v 0.04786 -0.39144 0.15625
v 0.04786 -0.39144 0.18264
vt 0.29688 0.29688
vt 0.45312 0.29688
vt 0.45312 0.45312
vt 0.29688 0.45312
vn 1 0 0
f 1521/1521/381 1522/1522/381 1523/1523/381 1524/1524/381
v -0.03241 -0.47170 0.15625
v -0.03241 -0.47170 0.18264
v -0.03241 -0.39144 0.18264
v -0.03241 -0.39144 0.15625
vt 0.29688 0.29688
vt 0.45312 0.29688
vt 0.45312 0.45312
vt 0.29688 0.45312
vn -1 0 0
f 1525/1525/382 1526/1526/382 1527/1527/382 1528/1528/382
v -0.03241 -0.39144 0.18264
v 0.04786 -0.39144 0.18264
v 0.04786 -0.39144 0.15625
v -0.03241 -0.39144 0.15625
vt 0.29688 0.29688
vt 0.45312 0.29688
vt 0.45312 0.45312
vt 0.29688 0.45312
vn 0 1 0
f 1529/1529/383 1530/1530/383 1531/1531/383 1532/1532/383
v -0.03241 -0.47170 0.15625
v 0.04786 -0.47170 0.15625
v 0.04786 -0.47170 0.18264
v -0.03241 -0.47170 0.18264
vt 0.29688 0.29688
vt 0.45312 0.29688
vt 0.45312 0.45312
vt 0.29688 0.45312
vn 0 -1 0
f 1533/1533/384 1534/1534/384 1535/1535/384 1536/1536/384
v -0.24788 0.02500 0.03798
v -0.19178 0.02500 0.03798
v -0.19178 0.04280 0.03798
v -0.24788 0.04280 0.03798
vt 0.54688 0.29688
vt 0.70312 0.29688
vt 0.70312 0.45312
vt 0.54688 0.45312
vn 0 0 1
f 1537/1537/385 1538/1538/385 1539/1539/385 1540/1540/385
v -0.19178 0.02500 -0.01812
v -0.24788 0.02500 -0.01812
v -0.24788 0.04280 -0.01812
v -0.19178 0.04280 -0.01812
vt 0.54688 0.29688
vt 0.70312 0.29688
vt 0.70312 0.45312
vt 0.54688 0.45312
vn 0 0 -1
f 1541/1541/386 1542/1542/386 1543/1543/386 1544/1544/386
v -0.19178 0.02500 0.03798
v -0.19178 0.02500 -0.01812
v -0.19178 0.04280 -0.01812
v -0.19178 0.04280 0.03798
vt 0.54688 0.29688
vt 0.70312 0.29688
vt 0.70312 0.45312
vt 0.54688 0.45312
vn 1 0 0
f 1545/1545/387 1546/1546/387 1547/1547/387 1548/1548/387
v -0.24788 0.02500 -0.01812
v -0.24788 0.02500 0.03798
v -0.24788 0.04280 0.03798
v -0.24788 0.04280 -0.01812
vt 0.54688 0.29688
vt 0.70312 0.29688
vt 0.70312 0.45312
vt 0.54688 0.45312
vn -1 0 0
f 1549/1549/388 1550/1550/388 1551/1551/388 1552/1552/388
v -0.24788 0.04280 0.03798
v -0.19178 0.04280 0.03798
v -0.19178 0.04280 -0.01812
v -0.24788 0.04280 -0.01812
vt 0.54688 0.29688
vt 0.70312 0.29688
vt 0.70312 0.45312
vt 0.54688 0.45312
vn 0 1 0
f 1553/1553/389 1554/1554/389 1555/1555/389 1556/1556/389
v -0.24788 0.02500 -0.01812
v -0.19178 0.02500 -0.01812
v -0.19178 0.02500 0.03798
v -0.24788 0.02500 0.03798
vt 0.54688 0.29688
vt 0.70312 0.29688
vt 0.70312 0.45312
vt 0.54688 0.45312
vn 0 -1 0
f 1557/1557/390 1558/1558/390 1559/1559/390 1560/1560/390
v -0.34627 -0.42874 -0.00194
v -0.28125 -0.42874 -0.00194
v -0.28125 -0.33270 -0.00194
v -0.34627 -0.33270 -0.00194
vt 0.04688 0.04688
vt 0.20312 0.04688
vt 0.20312 0.20312
vt 0.04688 0.20312
vn 0 0 1
f 1561/1561/391 1562/1562/391 1563/1563/391 1564/1564/391
v -0.28125 -0.42874 -0.09798
v -0.34627 -0.42874 -0.09798
v -0.34627 -0.33270 -0.09798
v -0.28125 -0.33270 -0.09798
vt 0.04688 0.04688
vt 0.20312 0.04688
vt 0.20312 0.20312
vt 0.04688 0.20312
vn 0 0 -1
f 1565/1565/392 1566/1566/392 1567/1567/392 1568/1568/392
v -0.28125 -0.42874 -0.00194
v -0.28125 -0.42874 -0.09798
v -0.28125 -0.33270 -0.09798
v -0.28125 -0.33270 -0.00194
vt 0.04688 0.04688
vt 0.20312 0.04688
vt 0.20312 0.20312
vt 0.04688 0.20312
vn 1 0 0
f 1569/1569/393 1570/1570/393 1571/1571/393 1572/1572/393
v -0.34627 -0.42874 -0.09798
v -0.34627 -0.42874 -0.00194
v -0.34627 -0.33270 -0.00194
v -0.34627 -0.33270 -0.09798
vt 0.04688 0.04688
vt 0.20312 0.04688
vt 0.20312 0.20312
vt 0.04688 0.20312
vn -1 0 0
f 1573/1573/394 1574/1574/394 1575/1575/394 1576/1576/394
v -0.34627 -0.33270 -0.00194
v -0.28125 -0.33270 -0.00194
v -0.28125 -0.33270 -0.09798
v -0.34627 -0.33270 -0.09798
vt 0.04688 0.04688
vt 0.20312 0.04688
vt 0.20312 0.20312
vt 0.04688 0.20312
vn 0 1 0
f 1577/1577/395 1578/1578/395 1579/1579/395 1580/1580/395
v -0.34627 -0.42874 -0.09798
v -0.28125 -0.42874 -0.09798
v -0.28125 -0.42874 -0.00194
v -0.34627 -0.42874 -0.00194
vt 0.04688 0.04688
vt 0.20312 0.04688
vt 0.20312 0.20312
vt 0.04688 0.20312
vn 0 -1 0
f 1581/1581/396 1582/1582/396 1583/1583/396 1584/1584/396
v -0.02111 -0.67310 -0.15625
v 0.04587 -0.67310 -0.15625
v 0.04587 -0.60612 -0.15625
v -0.02111 -0.60612 -0.15625
vt 0.04688 0.04688
vt 0.20312 0.04688
vt 0.20312 0.20312
vt 0.04688 0.20312
vn 0 0 1
f 1585/1585/397 1586/1586/397 1587/1587/397 1588/1588/397
v 0.04587 -0.67310 -0.22629
v -0.02111 -0.67310 -0.22629
v -0.02111 -0.60612 -0.22629
v 0.04587 -0.60612 -0.22629
vt 0.04688 0.04688
vt 0.20312 0.04688
vt 0.20312 0.20312
vt 0.04688 0.20312
vn 0 0 -1
f 1589/1589/398 1590/1590/398 1591/1591/398 1592/1592/398
v 0.04587 -0.67310 -0.15625
v 0.04587 -0.67310 -0.22629
v 0.04587 -0.60612 -0.22629
v 0.04587 -0.60612 -0.15625
vt 0.04688 0.04688
vt 0.20312 0.04688
vt 0.20312 0.20312
vt 0.04688 0.20312
vn 1 0 0
f 1593/1593/399 1594/1594/399 1595/1595/399 1596/1596/399
v -0.02111 -0.67310 -0.22629
v -0.02111 -0.67310 -0.15625
v -0.02111 -0.60612 -0.15625
v -0.02111 -0.60612 -0.22629
vt 0.04688 0.04688
vt 0.20312 0.04688
vt 0.20312 0.20312
vt 0.04688 0.20312
vn -1 0 0
f 1597/1597/400 1598/1598/400 1599/1599/400 1600/1600/400
v -0.02111 -0.60612 -0.15625
v 0.04587 -0.60612 -0.15625
v 0.04587 -0.60612 -0.22629
v -0.02111 -0.60612 -0.22629
vt 0.04688 0.04688
vt 0.20312 0.04688
vt 0.20312 0.20312
vt 0.04688 0.20312
vn 0 1 0
f 1601/1601/401 1602/1602/401 1603/1603/401 1604/1604/401
v -0.02111 -0.67310 -0.22629
v 0.04587 -0.67310 -0.22629
v 0.04587 -0.67310 -0.15625
v -0.02111 -0.67310 -0.15625
vt 0.04688 0.04688
vt 0.20312 0.04688
vt 0.20312 0.20312
vt 0.04688 0.20312
vn 0 -1 0
f 1605/1605/402 1606/1606/402 1607/1607/402 1608/1608/402
v -0.35251 -0.07166 0.08726
v -0.28125 -0.07166 0.08726
v -0.28125 0.00923 0.08726
v -0.35251 0.00923 0.08726
vt 0.54688 0.29688
vt 0.70312 0.29688
vt 0.70312 0.45312
vt 0.54688 0.45312
vn 0 0 1
f 1609/1609/403 1610/1610/403 1611/1611/403 1612/1612/403
v -0.28125 -0.07166 0.00636
v -0.35251 -0.07166 0.00636
v -0.35251 0.00923 0.00636
v -0.28125 0.00923 0.00636
vt 0.54688 0.29688
vt 0.70312 0.29688
vt 0.70312 0.45312
vt 0.54688 0.45312
vn 0 0 -1
f 1613/1613/404 1614/1614/404 1615/1615/404 1616/1616/404
v -0.28125 -0.07166 0.08726
v -0.28125 -0.07166 0.00636
v -0.28125 0.00923 0.00636
v -0.28125 0.00923 0.08726
vt 0.54688 0.29688
vt 0.70312 0.29688
vt 0.70312 0.45312
vt 0.54688 0.45312
vn 1 0 0
f 1617/1617/405 1618/1618/405 1619/1619/405 1620/1620/405
v -0.35251 -0.07166 0.00636
v -0.35251 -0.07166 0.08726
v -0.35251 0.00923 0.08726
v -0.35251 0.00923 0.00636
vt 0.54688 0.29688
vt 0.70312 0.29688
vt 0.70312 0.45312
vt 0.54688 0.45312
vn -1 0 0
f 1621/1621/406 1622/1622/406 1623/1623/406 1624/1624/406
v -0.35251 0.00923 0.08726
v -0.28125 0.00923 0.08726
v -0.28125 0.00923 0.00636
v -0.35251 0.00923 0.00636
vt 0.54688 0.29688
vt 0.70312 0.29688
vt 0.70312 0.45312
vt 0.54688 0.45312
vn 0 1 0
f 1625/1625/407 1626/1626/407 1627/1627/407 1628/1628/407
v -0.35251 -0.07166 0.00636
v -0.28125 -0.07166 0.00636
v -0.28125 -0.07166 0.08726
v -0.35251 -0.07166 0.08726
vt 0.54688 0.29688
vt 0.70312 0.29688
vt 0.70312 0.45312
vt 0.54688 0.45312
vn 0 -1 0
f 1629/1629/408 1630/1630/408 1631/1631/408 1632/1632/408
v -0.11931 -0.49582 0.19261
v -0.05960 -0.49582 0.19261
v -0.05960 -0.43612 0.19261
v -0.11931 -0.43612 0.19261
vt 0.79688 0.29688
vt 0.95312 0.29688
vt 0.95312 0.45312
vt 0.79688 0.45312
vn 0 0 1
f 1633/1633/409 1634/1634/409 1635/1635/409 1636/1636/409
v -0.05960 -0.49582 0.15625
v -0.11931 -0.49582 0.15625
v -0.11931 -0.43612 0.15625
v -0.05960 -0.43612 0.15625
vt 0.79688 0.29688
vt 0.95312 0.29688
vt 0.95312 0.45312
vt 0.79688 0.45312
vn 0 0 -1
f 1637/1637/410 1638/1638/410 1639/1639/410 1640/1640/410
v -0.05960 -0.49582 0.19261
v -0.05960 -0.49582 0.15625
v -0.05960 -0.43612 0.15625
v -0.05960 -0.43612 0.19261
vt 0.79688 0.29688
vt 0.95312 0.29688
vt 0.95312 0.45312
vt 0.79688 0.45312
vn 1 0 0
f 1641/1641/411 1642/1642/411 1643/1643/411 1644/1644/411
v -0.11931 -0.49582 0.15625
v -0.11931 -0.49582 0.19261
v -0.11931 -0.43612 0.19261
v -0.11931 -0.43612 0.15625
vt 0.79688 0.29688
vt 0.95312 0.29688
vt 0.95312 0.45312
vt 0.79688 0.45312
vn -1 0 0
f 1645/1645/412 1646/1646/412 1647/1647/412 1648/1648/412
v -0.11931 -0.43612 0.19261
v -0.05960 -0.43612 0.19261
v -0.05960 -0.43612 0.15625
v -0.11931 -0.43612 0.15625
vt 0.79688 0.29688
vt 0.95312 0.29688
vt 0.95312 0.45312
vt 0.79688 0.45312
vn 0 1 0
f 1649/1649/413 1650/1650/413 1651/1651/413 1652/1652/413
v -0.11931 -0.49582 0.15625
v -0.05960 -0.49582 0.15625
v -0.05960 -0.49582 0.19261
v -0.11931 -0.49582 0.19261
vt 0.79688 0.29688
vt 0.95312 0.29688
vt 0.95312 0.45312
vt 0.79688 0.45312
vn 0 -1 0
f 1653/1653/414 1654/1654/414 1655/1655/414 1656/1656/414
v 0.13411 0.02500 0.06682
v 0.20905 0.02500 0.06682
v 0.20905 0.05499 0.06682
v 0.13411 0.05499 0.06682
vt 0.29688 0.29688
vt 0.45312 0.29688
vt 0.45312 0.45312
vt 0.29688 0.45312
vn 0 0 1
f 1657/1657/415 1658/1658/415 1659/1659/415 1660/1660/415
v 0.20905 0.02500 -0.00813
v 0.13411 0.02500 -0.00813
v 0.13411 0.05499 -0.00813
v 0.20905 0.05499 -0.00813
vt 0.29688 0.29688
vt 0.45312 0.29688
vt 0.45312 0.45312
vt 0.29688 0.45312
vn 0 0 -1
f 1661/1661/416 1662/1662/416 1663/1663/416 1664/1664/416
v 0.20905 0.02500 0.06682
v 0.20905 0.02500 -0.00813
v 0.20905 0.05499 -0.00813
v 0.20905 0.05499 0.06682
vt 0.29688 0.29688
vt 0.45312 0.29688
vt 0.45312 0.45312
vt 0.29688 0.45312
vn 1 0 0
f 1665/1665/417 1666/1666/417 1667/1667/417 1668/1668/417
v 0.13411 0.02500 -0.00813
v 0.13411 0.02500 0.06682
v 0.13411 0.05499 0.06682
v 0.13411 0.05499 -0.00813
vt 0.29688 0.29688
vt 0.45312 0.29688
vt 0.45312 0.45312
vt 0.29688 0.45312
vn -1 0 0
f 1669/1669/418 1670/1670/418 1671/1671/418 1672/1672/418
v 0.13411 0.05499 0.06682
v 0.20905 0.05499 0.06682
v 0.20905 0.05499 -0.00813
v 0.13411 0.05499 -0.00813
vt 0.29688 0.29688
vt 0.45312 0.29688
vt 0.45312 0.45312
vt 0.29688 0.45312
vn 0 1 0
f 1673/1673/419 1674/1674/419 1675/1675/419 1676/1676/419
v 0.13411 0.02500 -0.00813
v 0.20905 0.02500 -0.00813
v 0.20905 0.02500 0.06682
v 0.13411 0.02500 0.06682
vt 0.29688 0.29688
vt 0.45312 0.29688
vt 0.45312 0.45312
vt 0.29688 0.45312
vn 0 -1 0
f 1677/1677/420 1678/1678/420 1679/1679/420 1680/1680/420
v -0.10186 -0.46478 -0.15625
v -0.01679 -0.46478 -0.15625
v -0.01679 -0.37971 -0.15625
v -0.10186 -0.37971 -0.15625
vt 0.29688 0.29688
vt 0.45312 0.29688
vt 0.45312 0.45312
vt 0.29688 0.45312
vn 0 0 1
f 1681/1681/421 1682/1682/421 1683/1683/421 1684/1684/421
v -0.01679 -0.46478 -0.22519
v -0.10186 -0.46478 -0.22519
v -0.10186 -0.37971 -0.22519
v -0.01679 -0.37971 -0.22519
vt 0.29688 0.29688
vt 0.45312 0.29688
vt 0.45312 0.45312
vt 0.29688 0.45312
vn 0 0 -1
f 1685/1685/422 1686/1686/422 1687/1687/422 1688/1688/422
v -0.01679 -0.46478 -0.15625
v -0.01679 -0.46478 -0.22519
v -0.01679 -0.37971 -0.22519
v -0.01679 -0.37971 -0.15625
vt 0.29688 0.29688
vt 0.45312 0.29688
vt 0.45312 0.45312
vt 0.29688 0.45312
vn 1 0 0
f 1689/1689/423 1690/1690/423 1691/1691/423 1692/1692/423
v -0.10186 -0.46478 -0.22519
v -0.10186 -0.46478 -0.15625
v -0.10186 -0.37971 -0.15625
v -0.10186 -0.37971 -0.22519
vt 0.29688 0.29688
vt 0.45312 0.29688
vt 0.45312 0.45312
vt 0.29688 0.45312
vn -1 0 0
f 1693/1693/424 1694/1694/424 1695/1695/424 1696/1696/424
v -0.10186 -0.37971 -0.15625
v -0.01679 -0.37971 -0.15625
v -0.01679 -0.37971 -0.22519
v -0.10186 -0.37971 -0.22519
vt 0.29688 0.29688
vt 0.45312 0.29688
vt 0.45312 0.45312
vt 0.29688 0.45312
vn 0 1 0
f 1697/1697/425 1698/1698/425 1699/1699/425 1700/1700/425
v -0.10186 -0.46478 -0.22519
v -0.01679 -0.46478 -0.22519
v -0.01679 -0.46478 -0.15625
v -0.10186 -0.46478 -0.15625
vt 0.29688 0.29688
vt 0.45312 0.29688
vt 0.45312 0.45312
vt 0.29688 0.45312
vn 0 -1 0
f 1701/1701/426 1702/1702/426 1703/1703/426 1704/1704/426
v -0.26250 -0.87683 -0.11875
v -0.22500 -0.87683 -0.11875
v -0.22500 -0.75000 -0.11875
v -0.26250 -0.75000 -0.11875
vt 0.29688 0.29688
vt 0.45312 0.29688
vt 0.45312 0.45312
vt 0.29688 0.45312
vn 0 0 1
f 1705/1705/427 1706/1706/427 1707/1707/427 1708/1708/427
v -0.22500 -0.87683 -0.15625
v -0.26250 -0.87683 -0.15625
v -0.26250 -0.75000 -0.15625
v -0.22500 -0.75000 -0.15625
vt 0.29688 0.29688
vt 0.45312 0.29688
vt 0.45312 0.45312
vt 0.29688 0.45312
vn 0 0 -1
f 1709/1709/428 1710/1710/428 1711/1711/428 1712/1712/428
v -0.22500 -0.87683 -0.11875
v -0.22500 -0.87683 -0.15625
v -0.22500 -0.75000 -0.15625
v -0.22500 -0.75000 -0.11875
vt 0.29688 0.29688
vt 0.45312 0.29688
vt 0.45312 0.45312
vt 0.29688 0.45312
vn 1 0 0
f 1713/1713/429 1714/1714/429 1715/1715/429 1716/1716/429
v -0.26250 -0.87683 -0.15625
v -0.26250 -0.87683 -0.11875
v -0.26250 -0.75000 -0.11875
v -0.26250 -0.75000 -0.15625
vt 0.29688 0.29688
vt 0.45312 0.29688
vt 0.45312 0.45312
vt 0.29688 0.45312
vn -1 0 0
f 1717/1717/430 1718/1718/430 1719/1719/430 1720/1720/430
v -0.26250 -0.75000 -0.11875
v -0.22500 -0.75000 -0.11875
v -0.22500 -0.75000 -0.15625
v -0.26250 -0.75000 -0.15625
vt 0.29688 0.29688
vt 0.45312 0.29688
vt 0.45312 0.45312
vt 0.29688 0.45312
vn 0 1 0
f 1721/1721/431 1722/1722/431 1723/1723/431 1724/1724/431
v -0.26250 -0.87683 -0.15625
v -0.22500 -0.87683 -0.15625
v -0.22500 -0.87683 -0.11875
v -0.26250 -0.87683 -0.11875
vt 0.29688 0.29688
vt 0.45312 0.29688
vt 0.45312 0.45312
vt 0.29688 0.45312
vn 0 -1 0
f 1725/1725/432 1726/1726/432 1727/1727/432 1728/1728/432
v -0.26250 -0.87739 0.15625
v -0.22500 -0.87739 0.15625
v -0.22500 -0.75000 0.15625
v -0.26250 -0.75000 0.15625
vt 0.04688 0.04688
vt 0.20312 0.04688
vt 0.20312 0.20312
vt 0.04688 0.20312
vn 0 0 1
f 1729/1729/433 1730/1730/433 1731/1731/433 1732/1732/433
v -0.22500 -0.87739 0.11875
v -0.26250 -0.87739 0.11875
v -0.26250 -0.75000 0.11875
v -0.22500 -0.75000 0.11875
vt 0.04688 0.04688
vt 0.20312 0.04688
vt 0.20312 0.20312
vt 0.04688 0.20312
vn 0 0 -1
f 1733/1733/434 1734/1734/434 1735/1735/434 1736/1736/434
v -0.22500 -0.87739 0.15625
v -0.22500 -0.87739 0.11875
v -0.22500 -0.75000 0.11875
v -0.22500 -0.75000 0.15625
vt 0.04688 0.04688
vt 0.20312 0.04688
vt 0.20312 0.20312
vt 0.04688 0.20312
vn 1 0 0
f 1737/1737/435 1738/1738/435 1739/1739/435 1740/1740/435
v -0.26250 -0.87739 0.11875
v -0.26250 -0.87739 0.15625
v -0.26250 -0.75000 0.15625
v -0.26250 -0.75000 0.11875
vt 0.04688 0.04688
vt 0.20312 0.04688
vt 0.20312 0.20312
vt 0.04688 0.20312
vn -1 0 0
f 1741/1741/436 1742/1742/436 1743/1743/436 1744/1744/436
v -0.26250 -0.75000 0.15625
v -0.22500 -0.75000 0.15625
v -0.22500 -0.75000 0.11875
v -0.26250 -0.75000 0.11875
vt 0.04688 0.04688
vt 0.20312 0.04688
vt 0.20312 0.20312
vt 0.04688 0.20312
vn 0 1 0
f 1745/1745/437 1746/1746/437 1747/1747/437 1748/1748/437
v -0.26250 -0.87739 0.11875
v -0.22500 -0.87739 0.11875
v -0.22500 -0.87739 0.15625
v -0.26250 -0.87739 0.15625
vt 0.04688 0.04688
vt 0.20312 0.04688
vt 0.20312 0.20312
vt 0.04688 0.20312
vn 0 -1 0
f 1749/1749/438 1750/1750/438 1751/1751/438 1752/1752/438
v -0.20625 -0.87713 -0.11875
v -0.16875 -0.87713 -0.11875
v -0.16875 -0.75000 -0.11875
v -0.20625 -0.75000 -0.11875
vt 0.29688 0.29688
vt 0.45312 0.29688
vt 0.45312 0.45312
vt 0.29688 0.45312
vn 0 0 1
f 1753/1753/439 1754/1754/439 1755/1755/439 1756/1756/439
v -0.16875 -0.87713 -0.15625
v -0.20625 -0.87713 -0.15625
v -0.20625 -0.75000 -0.15625
v -0.16875 -0.75000 -0.15625
vt 0.29688 0.29688
vt 0.45312 0.29688
vt 0.45312 0.45312
vt 0.29688 0.45312
vn 0 0 -1
f 1757/1757/440 1758/1758/440 1759/1759/440 1760/1760/440
v -0.16875 -0.87713 -0.11875
v -0.16875 -0.87713 -0.15625
v -0.16875 -0.75000 -0.15625
v -0.16875 -0.75000 -0.11875
vt 0.29688 0.29688
vt 0.45312 0.29688
vt 0.45312 0.45312
vt 0.29688 0.45312
vn 1 0 0
f 1761/1761/441 1762/1762/441 1763/1763/441 1764/1764/441
v -0.20625 -0.87713 -0.15625
v -0.20625 -0.87713 -0.11875
v -0.20625 -0.75000 -0.11875
v -0.20625 -0.75000 -0.15625
vt 0.29688 0.29688
vt 0.45312 0.29688
vt 0.45312 0.45312
vt 0.29688 0.45312
vn -1 0 0
f 1765/1765/442 1766/1766/442 1767/1767/442 1768/1768/442
v -0.20625 -0.75000 -0.11875
v -0.16875 -0.75000 -0.11875
v -0.16875 -0.75000 -0.15625
v -0.20625 -0.75000 -0.15625
vt 0.29688 0.29688
vt 0.45312 0.29688
vt 0.45312 0.45312
vt 0.29688 0.45312
vn 0 1 0
f 1769/1769/443 1770/1770/443 1771/1771/443 1772/1772/443
v -0.20625 -0.87713 -0.15625
v -0.16875 -0.87713 -0.15625
v -0.16875 -0.87713 -0.11875
v -0.20625 -0.87713 -0.11875
vt 0.29688 0.29688
vt 0.45312 0.29688
vt 0.45312 0.45312
vt 0.29688 0.45312
vn 0 -1 0
f 1773/1773/444 1774/1774/444 1775/1775/444 1776/1776/444
v -0.20625 -0.87685 0.15625
v -0.16875 -0.87685 0.15625
v -0.16875 -0.75000 0.15625
v -0.20625 -0.75000 0.15625
vt 0.04688 0.04688
vt 0.20312 0.04688
vt 0.20312 0.20312
vt 0.04688 0.20312
vn 0 0 1
f 1777/1777/445 1778/1778/445 1779/1779/445 1780/1780/445
v -0.16875 -0.87685 0.11875
v -0.20625 -0.87685 0.11875
v -0.20625 -0.75000 0.11875
v -0.16875 -0.75000 0.11875
vt 0.04688 0.04688
vt 0.20312 0.04688
vt 0.20312 0.20312
vt 0.04688 0.20312
vn 0 0 -1
f 1781/1781/446 1782/1782/446 1783/1783/446 1784/1784/446
v -0.16875 -0.87685 0.15625
v -0.16875 -0.87685 0.11875
v -0.16875 -0.75000 0.11875
v -0.16875 -0.75000 0.15625
vt 0.04688 0.04688
vt 0.20312 0.04688
vt 0.20312 0.20312
vt 0.04688 0.20312
vn 1 0 0
f 1785/1785/447 1786/1786/447 1787/1787/447 1788/1788/447
v -0.20625 -0.87685 0.11875
v -0.20625 -0.87685 0.15625
v -0.20625 -0.75000 0.15625
v -0.20625 -0.75000 0.11875
vt 0.04688 0.04688
vt 0.20312 0.04688
vt 0.20312 0.20312
vt 0.04688 0.20312
vn -1 0 0
f 1789/1789/448 1790/1790/448 1791/1791/448 1792/1792/448
v -0.20625 -0.75000 0.15625
v -0.16875 -0.75000 0.15625
v -0.16875 -0.75000 0.11875
v -0.20625 -0.75000 0.11875
vt 0.04688 0.04688
vt 0.20312 0.04688
vt 0.20312 0.20312
vt 0.04688 0.20312
vn 0 1 0
f 1793/1793/449 1794/1794/449 1795/1795/449 1796/1796/449
v -0.20625 -0.87685 0.11875
v -0.16875 -0.87685 0.11875
v -0.16875 -0.87685 0.15625
v -0.20625 -0.87685 0.15625
vt 0.04688 0.04688
vt 0.20312 0.04688
vt 0.20312 0.20312
vt 0.04688 0.20312
vn 0 -1 0
f 1797/1797/450 1798/1798/450 1799/1799/450 1800/1800/450
v -0.15000 -0.88198 -0.11875
v -0.11250 -0.88198 -0.11875
v -0.11250 -0.75000 -0.11875
v -0.15000 -0.75000 -0.11875
vt 0.29688 0.29688
vt 0.45312 0.29688
vt 0.45312 0.45312
vt 0.29688 0.45312
vn 0 0 1
f 1801/1801/451 1802/1802/451 1803/1803/451 1804/1804/451
v -0.11250 -0.88198 -0.15625
v -0.15000 -0.88198 -0.15625
v -0.15000 -0.75000 -0.15625
v -0.11250 -0.75000 -0.15625
vt 0.29688 0.29688
vt 0.45312 0.29688
vt 0.45312 0.45312
vt 0.29688 0.45312
vn 0 0 -1
f 1805/1805/452 1806/1806/452 1807/1807/452 1808/1808/452
v -0.11250 -0.88198 -0.11875
v -0.11250 -0.88198 -0.15625
v -0.11250 -0.75000 -0.15625
v -0.11250 -0.75000 -0.11875
vt 0.29688 0.29688
vt 0.45312 0.29688
vt 0.45312 0.45312
vt 0.29688 0.45312
vn 1 0 0
f 1809/1809/453 1810/1810/453 1811/1811/453 1812/1812/453
v -0.15000 -0.88198 -0.15625
v -0.15000 -0.88198 -0.11875
v -0.15000 -0.75000 -0.11875
v -0.15000 -0.75000 -0.15625
vt 0.29688 0.29688
vt 0.45312 0.29688
vt 0.45312 0.45312
vt 0.29688 0.45312
vn -1 0 0
f 1813/1813/454 1814/1814/454 1815/1815/454 1816/1816/454
v -0.15000 -0.75000 -0.11875
v -0.11250 -0.75000 -0.11875
v -0.11250 -0.75000 -0.15625
v -0.15000 -0.75000 -0.15625
vt 0.29688 0.29688
vt 0.45312 0.29688
vt 0.45312 0.45312
vt 0.29688 0.45312
vn 0 1 0
f 1817/1817/455 1818/1818/455 1819/1819/455 1820/1820/455
v -0.15000 -0.88198 -0.15625
v -0.11250 -0.88198 -0.15625
v -0.11250 -0.88198 -0.11875
v -0.15000 -0.88198 -0.11875
vt 0.29688 0.29688
vt 0.45312 0.29688
vt 0.45312 0.45312
vt 0.29688 0.45312
vn 0 -1 0
f 1821/1821/456 1822/1822/456 1823/1823/456 1824/1824/456
v -0.15000 -0.85829 0.15625
v -0.11250 -0.85829 0.15625
v -0.11250 -0.75000 0.15625
v -0.15000 -0.75000 0.15625
vt 0.04688 0.04688
vt 0.20312 0.04688
vt 0.20312 0.20312
vt 0.04688 0.20312
vn 0 0 1
f 1825/1825/457 1826/1826/457 1827/1827/457 1828/1828/457
v -0.11250 -0.85829 0.11875
v -0.15000 -0.85829 0.11875
v -0.15000 -0.75000 0.11875
v -0.11250 -0.75000 0.11875
vt 0.04688 0.04688
vt 0.20312 0.04688
vt 0.20312 0.20312
vt 0.04688 0.20312
vn 0 0 -1
f 1829/1829/458 1830/1830/458 1831/1831/458 1832/1832/458
v -0.11250 -0.85829 0.15625
v -0.11250 -0.85829 0.11875
v -0.11250 -0.75000 0.11875
v -0.11250 -0.75000 0.15625
vt 0.04688 0.04688
vt 0.20312 0.04688
vt 0.20312 0.20312
vt 0.04688 0.20312
vn 1 0 0
f 1833/1833/459 1834/1834/459 1835/1835/459 1836/1836/459
v -0.15000 -0.85829 0.11875
v -0.15000 -0.85829 0.15625
v -0.15000 -0.75000 0.15625
v -0.15000 -0.75000 0.11875
vt 0.04688 0.04688
vt 0.20312 0.04688
vt 0.20312 0.20312
vt 0.04688 0.20312
vn -1 0 0
f 1837/1837/460 1838/1838/460 1839/1839/460 1840/1840/460
v -0.15000 -0.75000 0.15625
v -0.11250 -0.75000 0.15625
v -0.11250 -0.75000 0.11875
v -0.15000 -0.75000 0.11875
vt 0.04688 0.04688
vt 0.20312 0.04688
vt 0.20312 0.20312
vt 0.04688 0.20312
vn 0 1 0
f 1841/1841/461 1842/1842/461 1843/1843/461 1844/1844/461
v -0.15000 -0.85829 0.11875
v -0.11250 -0.85829 0.11875
v -0.11250 -0.85829 0.15625
v -0.15000 -0.85829 0.15625
vt 0.04688 0.04688
vt 0.20312 0.04688
vt 0.20312 0.20312
vt 0.04688 0.20312
vn 0 -1 0
f 1845/1845/462 1846/1846/462 1847/1847/462 1848/1848/462
v -0.09375 -0.88299 -0.11875
v -0.05625 -0.88299 -0.11875
v -0.05625 -0.75000 -0.11875
v -0.09375 -0.75000 -0.11875
vt 0.79688 0.29688
vt 0.95312 0.29688
vt 0.95312 0.45312
vt 0.79688 0.45312
vn 0 0 1
f 1849/1849/463 1850/1850/463 1851/1851/463 1852/1852/463
v -0.05625 -0.88299 -0.15625
v -0.09375 -0.88299 -0.15625
v -0.09375 -0.75000 -0.15625
v -0.05625 -0.75000 -0.15625
vt 0.79688 0.29688
vt 0.95312 0.29688
vt 0.95312 0.45312
vt 0.79688 0.45312
vn 0 0 -1
f 1853/1853/464 1854/1854/464 1855/1855/464 1856/1856/464
v -0.05625 -0.88299 -0.11875
v -0.05625 -0.88299 -0.15625
v -0.05625 -0.75000 -0.15625
v -0.05625 -0.75000 -0.11875
vt 0.79688 0.29688
vt 0.95312 0.29688
vt 0.95312 0.45312
vt 0.79688 0.45312
vn 1 0 0
f 1857/1857/465 1858/1858/465 1859/1859/465 1860/1860/465
v -0.09375 -0.88299 -0.15625
v -0.09375 -0.88299 -0.11875
v -0.09375 -0.75000 -0.11875
v -0.09375 -0.75000 -0.15625
vt 0.79688 0.29688
vt 0.95312 0.29688
vt 0.95312 0.45312
vt 0.79688 0.45312
vn -1 0 0
f 1861/1861/466 1862/1862/466 1863/1863/466 1864/1864/466
v -0.09375 -0.75000 -0.11875
v -0.05625 -0.75000 -0.11875
v -0.05625 -0.75000 -0.15625
v -0.09375 -0.75000 -0.15625
vt 0.79688 0.29688
vt 0.95312 0.29688
vt 0.95312 0.45312
vt 0.79688 0.45312
vn 0 1 0
f 1865/1865/467 1866/1866/467 1867/1867/467 1868/1868/467
v -0.09375 -0.88299 -0.15625
v -0.05625 -0.88299 -0.15625
v -0.05625 -0.88299 -0.11875
v -0.09375 -0.88299 -0.11875
vt 0.79688 0.29688
vt 0.95312 0.29688
vt 0.95312 0.45312
vt 0.79688 0.45312
vn 0 -1 0
f 1869/1869/468 1870/1870/468 1871/1871/468 1872/1872/468
v -0.09375 -0.90017 0.15625
v -0.05625 -0.90017 0.15625
v -0.05625 -0.75000 0.15625
v -0.09375 -0.75000 0.15625
vt 0.79688 0.29688
vt 0.95312 0.29688
vt 0.95312 0.45312
vt 0.79688 0.45312
vn 0 0 1
f 1873/1873/469 1874/1874/469 1875/1875/469 1876/1876/469
v -0.05625 -0.90017 0.11875
v -0.09375 -0.90017 0.11875
v -0.09375 -0.75000 0.11875
v -0.05625 -0.75000 0.11875
vt 0.79688 0.29688
vt 0.95312 0.29688
vt 0.95312 0.45312
vt 0.79688 0.45312
vn 0 0 -1
f 1877/1877/470 1878/1878/470 1879/1879/470 1880/1880/470
v -0.05625 -0.90017 0.15625
v -0.05625 -0.90017 0.11875
v -0.05625 -0.75000 0.11875
v -0.05625 -0.75000 0.15625
vt 0.79688 0.29688
vt 0.95312 0.29688
vt 0.95312 0.45312
vt 0.79688 0.45312
vn 1 0 0
f 1881/1881/471 1882/1882/471 1883/1883/471 1884/1884/471
v -0.09375 -0.90017 0.11875
v -0.09375 -0.90017 0.15625
v -0.09375 -0.75000 0.15625
v -0.09375 -0.75000 0.11875
vt 0.79688 0.29688
vt 0.95312 0.29688
vt 0.95312 0.45312
vt 0.79688 0.45312
vn -1 0 0
f 1885/1885/472 1886/1886/472 1887/1887/472 1888/1888/472
v -0.09375 -0.75000 0.15625
v -0.05625 -0.75000 0.15625
v -0.05625 -0.75000 0.11875
v -0.09375 -0.75000 0.11875
vt 0.79688 0.29688
vt 0.95312 0.29688
vt 0.95312 0.45312
vt 0.79688 0.45312
vn 0 1 0
f 1889/1889/473 1890/1890/473 1891/1891/473 1892/1892/473
v -0.09375 -0.90017 0.11875
v -0.05625 -0.90017 0.11875
v -0.05625 -0.90017 0.15625
v -0.09375 -0.90017 0.15625
vt 0.79688 0.29688
vt 0.95312 0.29688
vt 0.95312 0.45312
vt 0.79688 0.45312
vn 0 -1 0
f 1893/1893/474 1894/1894/474 1895/1895/474 1896/1896/474
v -0.03750 -0.88145 -0.11875
v -0.00000 -0.88145 -0.11875
v -0.00000 -0.75000 -0.11875
v -0.03750 -0.75000 -0.11875
vt 0.29688 0.29688
vt 0.45312 0.29688
vt 0.45312 0.45312
vt 0.29688 0.45312
vn 0 0 1
f 1897/1897/475 1898/1898/475 1899/1899/475 1900/1900/475
v -0.00000 -0.88145 -0.15625
v -0.03750 -0.88145 -0.15625
v -0.03750 -0.75000 -0.15625
v -0.00000 -0.75000 -0.15625
vt 0.29688 0.29688
vt 0.45312 0.29688
vt 0.45312 0.45312
vt 0.29688 0.45312
vn 0 0 -1
f 1901/1901/476 1902/1902/476 1903/1903/476 1904/1904/476
v -0.00000 -0.88145 -0.11875
v -0.00000 -0.88145 -0.15625
v -0.00000 -0.75000 -0.15625
v -0.00000 -0.75000 -0.11875
vt 0.29688 0.29688
vt 0.45312 0.29688
vt 0.45312 0.45312
vt 0.29688 0.45312
vn 1 0 0
f 1905/1905/477 1906/1906/477 1907/1907/477 1908/1908/477
v -0.03750 -0.88145 -0.15625
v -0.03750 -0.88145 -0.11875
v -0.03750 -0.75000 -0.11875
v -0.03750 -0.75000 -0.15625
vt 0.29688 0.29688
vt 0.45312 0.29688
vt 0.45312 0.45312
vt 0.29688 0.45312
vn -1 0 0
f 1909/1909/478 1910/1910/478 1911/1911/478 1912/1912/478
v -0.03750 -0.75000 -0.11875
v -0.00000 -0.75000 -0.11875
v -0.00000 -0.75000 -0.15625
v -0.03750 -0.75000 -0.15625
vt 0.29688 0.29688
vt 0.45312 0.29688
vt 0.45312 0.45312
vt 0.29688 0.45312
vn 0 1 0
f 1913/1913/479 1914/1914/479 1915/1915/479 1916/1916/479
v -0.03750 -0.88145 -0.15625
v -0.00000 -0.88145 -0.15625
v -0.00000 -0.88145 -0.11875
v -0.03750 -0.88145 -0.11875
vt 0.29688 0.29688
vt 0.45312 0.29688
vt 0.45312 0.45312
vt 0.29688 0.45312
vn 0 -1 0
f 1917/1917/480 1918/1918/480 1919/1919/480 1920/1920/480
v -0.03750 -0.85738 0.15625
v -0.00000 -0.85738 0.15625
v -0.00000 -0.75000 0.15625
v -0.03750 -0.75000 0.15625
vt 0.29688 0.29688
vt 0.45312 0.29688
vt 0.45312 0.45312
vt 0.29688 0.45312
vn 0 0 1
f 1921/1921/481 1922/1922/481 1923/1923/481 1924/1924/481
v -0.00000 -0.85738 0.11875
v -0.03750 -0.85738 0.11875
v -0.03750 -0.75000 0.11875
v -0.00000 -0.75000 0.11875
vt 0.29688 0.29688
vt 0.45312 0.29688
vt 0.45312 0.45312
vt 0.29688 0.45312
vn 0 0 -1
f 1925/1925/482 1926/1926/482 1927/1927/482 1928/1928/482
v -0.00000 -0.85738 0.15625
v -0.00000 -0.85738 0.11875
v -0.00000 -0.75000 0.11875
v -0.00000 -0.75000 0.15625
vt 0.29688 0.29688
vt 0.45312 0.29688
vt 0.45312 0.45312
vt 0.29688 0.45312
vn 1 0 0
f 1929/1929/483 1930/1930/483 1931/1931/483 1932/1932/483
v -0.03750 -0.85738 0.11875
v -0.03750 -0.85738 0.15625
v -0.03750 -0.75000 0.15625
v -0.03750 -0.75000 0.11875
vt 0.29688 0.29688
vt 0.45312 0.29688
vt 0.45312 0.45312
vt 0.29688 0.45312
vn -1 0 0
f 1933/1933/484 1934/1934/484 1935/1935/484 1936/1936/484
v -0.03750 -0.75000 0.15625
v -0.00000 -0.75000 0.15625
v -0.00000 -0.75000 0.11875
v -0.03750 -0.75000 0.11875
vt 0.29688 0.29688
vt 0.45312 0.29688
vt 0.45312 0.45312
vt 0.29688 0.45312
vn 0 1 0
f 1937/1937/485 1938/1938/485 1939/1939/485 1940/1940/485
v -0.03750 -0.85738 0.11875
v -0.00000 -0.85738 0.11875
v -0.00000 -0.85738 0.15625
v -0.03750 -0.85738 0.15625
vt 0.29688 0.29688
vt 0.45312 0.29688
vt 0.45312 0.45312
vt 0.29688 0.45312
vn 0 -1 0
f 1941/1941/486 1942/1942/486 1943/1943/486 1944/1944/486
v 0.01875 -0.89922 -0.11875
v 0.05625 -0.89922 -0.11875
v 0.05625 -0.75000 -0.11875
v 0.01875 -0.75000 -0.11875
vt 0.29688 0.29688
vt 0.45312 0.29688
vt 0.45312 0.45312
vt 0.29688 0.45312
vn 0 0 1
f 1945/1945/487 1946/1946/487 1947/1947/487 1948/1948/487
v 0.05625 -0.89922 -0.15625
v 0.01875 -0.89922 -0.15625
v 0.01875 -0.75000 -0.15625
v 0.05625 -0.75000 -0.15625
vt 0.29688 0.29688
vt 0.45312 0.29688
vt 0.45312 0.45312
vt 0.29688 0.45312
vn 0 0 -1
f 1949/1949/488 1950/1950/488 1951/1951/488 1952/1952/488
v 0.05625 -0.89922 -0.11875
v 0.05625 -0.89922 -0.15625
v 0.05625 -0.75000 -0.15625
v 0.05625 -0.75000 -0.11875
vt 0.29688 0.29688
vt 0.45312 0.29688
vt 0.45312 0.45312
vt 0.29688 0.45312
vn 1 0 0
f 1953/1953/489 1954/1954/489 1955/1955/489 1956/1956/489
v 0.01875 -0.89922 -0.15625
v 0.01875 -0.89922 -0.11875
v 0.01875 -0.75000 -0.11875
v 0.01875 -0.75000 -0.15625
vt 0.29688 0.29688
vt 0.45312 0.29688
vt 0.45312 0.45312
vt 0.29688 0.45312
vn -1 0 0
f 1957/1957/490 1958/1958/490 1959/1959/490 1960/1960/490
v 0.01875 -0.75000 -0.11875
v 0.05625 -0.75000 -0.11875
v 0.05625 -0.75000 -0.15625
v 0.01875 -0.75000 -0.15625
vt 0.29688 0.29688
vt 0.45312 0.29688
vt 0.45312 0.45312
vt 0.29688 0.45312
vn 0 1 0
f 1961/1961/491 1962/1962/491 1963/1963/491 1964/1964/491
v 0.01875 -0.89922 -0.15625
v 0.05625 -0.89922 -0.15625
v 0.05625 -0.89922 -0.11875
v 0.01875 -0.89922 -0.11875
vt 0.29688 0.29688
vt 0.45312 0.29688
vt 0.45312 0.45312
vt 0.29688 0.45312
vn 0 -1 0
f 1965/1965/492 1966/1966/492 1967/1967/492 1968/1968/492
v 0.01875 -0.89931 0.15625
v 0.05625 -0.89931 0.15625
v 0.05625 -0.75000 0.15625
v 0.01875 -0.75000 0.15625
vt 0.29688 0.29688
vt 0.45312 0.29688
vt 0.45312 0.45312
vt 0.29688 0.45312
vn 0 0 1
f 1969/1969/493 1970/1970/493 1971/1971/493 1972/1972/493
v 0.05625 -0.89931 0.11875
v 0.01875 -0.89931 0.11875
v 0.01875 -0.75000 0.11875
v 0.05625 -0.75000 0.11875
vt 0.29688 0.29688
vt 0.45312 0.29688
vt 0.45312 0.45312
vt 0.29688 0.45312
vn 0 0 -1
f 1973/1973/494 1974/1974/494 1975/1975/494 1976/1976/494
v 0.05625 -0.89931 0.15625
v 0.05625 -0.89931 0.11875
v 0.05625 -0.75000 0.11875
v 0.05625 -0.75000 0.15625
vt 0.29688 0.29688
vt 0.45312 0.29688
vt 0.45312 0.45312
vt 0.29688 0.45312
vn 1 0 0
f 1977/1977/495 1978/1978/495 1979/1979/495 1980/1980/495
v 0.01875 -0.89931 0.11875
v 0.01875 -0.89931 0.15625
v 0.01875 -0.75000 0.15625
v 0.01875 -0.75000 0.11875
vt 0.29688 0.29688
vt 0.45312 0.29688
vt 0.45312 0.45312
vt 0.29688 0.45312
vn -1 0 0
f 1981/1981/496 1982/1982/496 1983/1983/496 1984/1984/496
v 0.01875 -0.75000 0.15625
v 0.05625 -0.75000 0.15625
v 0.05625 -0.75000 0.11875
v 0.01875 -0.75000 0.11875
vt 0.29688 0.29688
vt 0.45312 0.29688
vt 0.45312 0.45312
vt 0.29688 0.45312
vn 0 1 0
f 1985/1985/497 1986/1986/497 1987/1987/497 1988/1988/497
v 0.01875 -0.89931 0.11875
v 0.05625 -0.89931 0.11875
v 0.05625 -0.89931 0.15625
v 0.01875 -0.89931 0.15625
vt 0.29688 0.29688
vt 0.45312 0.29688
vt 0.45312 0.45312
vt 0.29688 0.45312
vn 0 -1 0
f 1989/1989/498 1990/1990/498 1991/1991/498 1992/1992/498
v 0.07500 -0.88916 -0.11875
v 0.11250 -0.88916 -0.11875
v 0.11250 -0.75000 -0.11875
v 0.07500 -0.75000 -0.11875
vt 0.79688 0.29688
vt 0.95312 0.29688
vt 0.95312 0.45312
vt 0.79688 0.45312
vn 0 0 1
f 1993/1993/499 1994/1994/499 1995/1995/499 1996/1996/499
v 0.11250 -0.88916 -0.15625
v 0.07500 -0.88916 -0.15625
v 0.07500 -0.75000 -0.15625
v 0.11250 -0.75000 -0.15625
vt 0.79688 0.29688
vt 0.95312 0.29688
vt 0.95312 0.45312
vt 0.79688 0.45312
vn 0 0 -1
f 1997/1997/500 1998/1998/500 1999/1999/500 2000/2000/500
v 0.11250 -0.88916 -0.11875
v 0.11250 -0.88916 -0.15625
v 0.11250 -0.75000 -0.15625
v 0.11250 -0.75000 -0.11875
vt 0.79688 0.29688
vt 0.95312 0.29688
vt 0.95312 0.45312
vt 0.79688 0.45312
vn 1 0 0
f 2001/2001/501 2002/2002/501 2003/2003/501 2004/2004/501
v 0.07500 -0.88916 -0.15625
v 0.07500 -0.88916 -0.11875
v 0.07500 -0.75000 -0.11875
v 0.07500 -0.75000 -0.15625
vt 0.79688 0.29688
vt 0.95312 0.29688
vt 0.95312 0.45312
vt 0.79688 0.45312
vn -1 0 0
f 2005/2005/502 2006/2006/502 2007/2007/502 2008/2008/502
v 0.07500 -0.75000 -0.11875
v 0.11250 -0.75000 -0.11875
v 0.11250 -0.75000 -0.15625
v 0.07500 -0.75000 -0.15625
vt 0.79688 0.29688
vt 0.95312 0.29688
vt 0.95312 0.45312
vt 0.79688 0.45312
vn 0 1 0
f 2009/2009/503 2010/2010/503 2011/2011/503 2012/2012/503
v 0.07500 -0.88916 -0.15625
v 0.11250 -0.88916 -0.15625
v 0.11250 -0.88916 -0.11875
v 0.07500 -0.88916 -0.11875
vt 0.79688 0.29688
vt 0.95312 0.29688
vt 0.95312 0.45312
vt 0.79688 0.45312
vn 0 -1 0
f 2013/2013/504 2014/2014/504 2015/2015/504 2016/2016/504
v 0.07500 -0.86799 0.15625
v 0.11250 -0.86799 0.15625
v 0.11250 -0.75000 0.15625
v 0.07500 -0.75000 0.15625
vt 0.79688 0.29688
vt 0.95312 0.29688
vt 0.95312 0.45312
vt 0.79688 0.45312
vn 0 0 1
f 2017/2017/505 2018/2018/505 2019/2019/505 2020/2020/505
v 0.11250 -0.86799 0.11875
v 0.07500 -0.86799 0.11875
v 0.07500 -0.75000 0.11875
v 0.11250 -0.75000 0.11875
vt 0.79688 0.29688
vt 0.95312 0.29688
vt 0.95312 0.45312
vt 0.79688 0.45312
vn 0 0 -1
f 2021/2021/506 2022/2022/506 2023/2023/506 2024/2024/506
v 0.11250 -0.86799 0.15625
v 0.11250 -0.86799 0.11875
v 0.11250 -0.75000 0.11875
v 0.11250 -0.75000 0.15625
vt 0.79688 0.29688
vt 0.95312 0.29688
vt 0.95312 0.45312
vt 0.79688 0.45312
vn 1 0 0
f 2025/2025/507 2026/2026/507 2027/2027/507 2028/2028/507
v 0.07500 -0.86799 0.11875
v 0.07500 -0.86799 0.15625
v 0.07500 -0.75000 0.15625
v 0.07500 -0.75000 0.11875
vt 0.79688 0.29688
vt 0.95312 0.29688
vt 0.95312 0.45312
vt 0.79688 0.45312
vn -1 0 0
f 2029/2029/508 2030/2030/508 2031/2031/508 2032/2032/508
v 0.07500 -0.75000 0.15625
v 0.11250 -0.75000 0.15625
v 0.11250 -0.75000 0.11875
v 0.07500 -0.75000 0.11875
vt 0.79688 0.29688
vt 0.95312 0.29688
vt 0.95312 0.45312
vt 0.79688 0.45312
vn 0 1 0
f 2033/2033/509 2034/2034/509 2035/2035/509 2036/2036/509
v 0.07500 -0.86799 0.11875
v 0.11250 -0.86799 0.11875
v 0.11250 -0.86799 0.15625
v 0.07500 -0.86799 0.15625
vt 0.79688 0.29688
vt 0.95312 0.29688
vt 0.95312 0.45312
vt 0.79688 0.45312
vn 0 -1 0
f 2037/2037/510 2038/2038/510 2039/2039/510 2040/2040/510
v 0.13125 -0.89576 -0.11875
v 0.16875 -0.89576 -0.11875
v 0.16875 -0.75000 -0.11875
v 0.13125 -0.75000 -0.11875
vt 0.79688 0.29688
vt 0.95312 0.29688
vt 0.95312 0.45312
vt 0.79688 0.45312
vn 0 0 1
f 2041/2041/511 2042/2042/511 2043/2043/511 2044/2044/511
v 0.16875 -0.89576 -0.15625
v 0.13125 -0.89576 -0.15625
v 0.13125 -0.75000 -0.15625
v 0.16875 -0.75000 -0.15625
vt 0.79688 0.29688
vt 0.95312 0.29688
vt 0.95312 0.45312
vt 0.79688 0.45312
vn 0 0 -1
f 2045/2045/512 2046/2046/512 2047/2047/512 2048/2048/512
v 0.16875 -0.89576 -0.11875
v 0.16875 -0.89576 -0.15625
v 0.16875 -0.75000 -0.15625
v 0.16875 -0.75000 -0.11875
vt 0.79688 0.29688
vt 0.95312 0.29688
vt 0.95312 0.45312
vt 0.79688 0.45312
vn 1 0 0
f 2049/2049/513 2050/2050/513 2051/2051/513 2052/2052/513
v 0.13125 -0.89576 -0.15625
v 0.13125 -0.89576 -0.11875
v 0.13125 -0.75000 -0.11875
v 0.13125 -0.75000 -0.15625
vt 0.79688 0.29688
vt 0.95312 0.29688
vt 0.95312 0.45312
vt 0.79688 0.45312
vn -1 0 0
f 2053/2053/514 2054/2054/514 2055/2055/514 2056/2056/514
v 0.13125 -0.75000 -0.11875
v 0.16875 -0.75000 -0.11875
v 0.16875 -0.75000 -0.15625
v 0.13125 -0.75000 -0.15625
vt 0.79688 0.29688
vt 0.95312 0.29688
vt 0.95312 0.45312
vt 0.79688 0.45312
vn 0 1 0
f 2057/2057/515 2058/2058/515 2059/2059/515 2060/2060/515
v 0.13125 -0.89576 -0.15625
v 0.16875 -0.89576 -0.15625
v 0.16875 -0.89576 -0.11875
v 0.13125 -0.89576 -0.11875
vt 0.79688 0.29688
vt 0.95312 0.29688
vt 0.95312 0.45312
vt 0.79688 0.45312
vn 0 -1 0
f 2061/2061/516 2062/2062/516 2063/2063/516 2064/2064/516
v 0.13125 -0.87770 0.15625
v 0.16875 -0.87770 0.15625
v 0.16875 -0.75000 0.15625
v 0.13125 -0.75000 0.15625
vt 0.04688 0.04688
vt 0.20312 0.04688
vt 0.20312 0.20312
vt 0.04688 0.20312
vn 0 0 1
f 2065/2065/517 2066/2066/517 2067/2067/517 2068/2068/517
v 0.16875 -0.87770 0.11875
v 0.13125 -0.87770 0.11875
v 0.13125 -0.75000 0.11875
v 0.16875 -0.75000 0.11875
vt 0.04688 0.04688
vt 0.20312 0.04688
vt 0.20312 0.20312
vt 0.04688 0.20312
vn 0 0 -1
f 2069/2069/518 2070/2070/518 2071/2071/518 2072/2072/518
v 0.16875 -0.87770 0.15625
v 0.16875 -0.87770 0.11875
v 0.16875 -0.75000 0.11875
v 0.16875 -0.75000 0.15625
vt 0.04688 0.04688
vt 0.20312 0.04688
vt 0.20312 0.20312
vt 0.04688 0.20312
vn 1 0 0
f 2073/2073/519 2074/2074/519 2075/2075/519 2076/2076/519
v 0.13125 -0.87770 0.11875
v 0.13125 -0.87770 0.15625
v 0.13125 -0.75000 0.15625
v 0.13125 -0.75000 0.11875
vt 0.04688 0.04688
vt 0.20312 0.04688
vt 0.20312 0.20312
vt 0.04688 0.20312
vn -1 0 0
f 2077/2077/520 2078/2078/520 2079/2079/520 2080/2080/520
v 0.13125 -0.75000 0.15625
v 0.16875 -0.75000 0.15625
v 0.16875 -0.75000 0.11875
v 0.13125 -0.75000 0.11875
vt 0.04688 0.04688
vt 0.20312 0.04688
vt 0.20312 0.20312
vt 0.04688 0.20312
vn 0 1 0
f 2081/2081/521 2082/2082/521 2083/2083/521 2084/2084/521
v 0.13125 -0.87770 0.11875
v 0.16875 -0.87770 0.11875
v 0.16875 -0.87770 0.15625
v 0.13125 -0.87770 0.15625
vt 0.04688 0.04688
vt 0.20312 0.04688
vt 0.20312 0.20312
vt 0.04688 0.20312
vn 0 -1 0
f 2085/2085/522 2086/2086/522 2087/2087/522 2088/2088/522
v 0.18750 -0.85163 -0.11875
v 0.22500 -0.85163 -0.11875
v 0.22500 -0.75000 -0.11875
v 0.18750 -0.75000 -0.11875
vt 0.79688 0.29688
vt 0.95312 0.29688
vt 0.95312 0.45312
vt 0.79688 0.45312
vn 0 0 1
f 2089/2089/523 2090/2090/523 2091/2091/523 2092/2092/523
v 0.22500 -0.85163 -0.15625
v 0.18750 -0.85163 -0.15625
v 0.18750 -0.75000 -0.15625
v 0.22500 -0.75000 -0.15625
vt 0.79688 0.29688
vt 0.95312 0.29688
vt 0.95312 0.45312
vt 0.79688 0.45312
vn 0 0 -1
f 2093/2093/524 2094/2094/524 2095/2095/524 2096/2096/524
v 0.22500 -0.85163 -0.11875
v 0.22500 -0.85163 -0.15625
v 0.22500 -0.75000 -0.15625
v 0.22500 -0.75000 -0.11875
vt 0.79688 0.29688
vt 0.95312 0.29688
vt 0.95312 0.45312
vt 0.79688 0.45312
vn 1 0 0
f 2097/2097/525 2098/2098/525 2099/2099/525 2100/2100/525
v 0.18750 -0.85163 -0.15625
v 0.18750 -0.85163 -0.11875
v 0.18750 -0.75000 -0.11875
v 0.18750 -0.75000 -0.15625
vt 0.79688 0.29688
vt 0.95312 0.29688
vt 0.95312 0.45312
vt 0.79688 0.45312
vn -1 0 0
f 2101/2101/526 2102/2102/526 2103/2103/526 2104/2104/526
v 0.18750 -0.75000 -0.11875
v 0.22500 -0.75000 -0.11875
v 0.22500 -0.75000 -0.15625
v 0.18750 -0.75000 -0.15625
vt 0.79688 0.29688
vt 0.95312 0.29688
vt 0.95312 0.45312
vt 0.79688 0.45312
vn 0 1 0
f 2105/2105/527 2106/2106/527 2107/2107/527 2108/2108/527
v 0.18750 -0.85163 -0.15625
v 0.22500 -0.85163 -0.15625
v 0.22500 -0.85163 -0.11875
v 0.18750 -0.85163 -0.11875
vt 0.79688 0.29688
vt 0.95312 0.29688
vt 0.95312 0.45312
vt 0.79688 0.45312
vn 0 -1 0
f 2109/2109/528 2110/2110/528 2111/2111/528 2112/2112/528
v 0.18750 -0.88300 0.15625
v 0.22500 -0.88300 0.15625
v 0.22500 -0.75000 0.15625
v 0.18750 -0.75000 0.15625
vt 0.29688 0.29688
vt 0.45312 0.29688
vt 0.45312 0.45312
vt 0.29688 0.45312
vn 0 0 1
f 2113/2113/529 2114/2114/529 2115/2115/529 2116/2116/529
v 0.22500 -0.88300 0.11875
v 0.18750 -0.88300 0.11875
v 0.18750 -0.75000 0.11875
v 0.22500 -0.75000 0.11875
vt 0.29688 0.29688
vt 0.45312 0.29688
vt 0.45312 0.45312
vt 0.29688 0.45312
vn 0 0 -1
f 2117/2117/530 2118/2118/530 2119/2119/530 2120/2120/530
v 0.22500 -0.88300 0.15625
v 0.22500 -0.88300 0.11875
v 0.22500 -0.75000 0.11875
v 0.22500 -0.75000 0.15625
vt 0.29688 0.29688
vt 0.45312 0.29688
vt 0.45312 0.45312
vt 0.29688 0.45312
vn 1 0 0
f 2121/2121/531 2122/2122/531 2123/2123/531 2124/2124/531
v 0.18750 -0.88300 0.11875
v 0.18750 -0.88300 0.15625
v 0.18750 -0.75000 0.15625
v 0.18750 -0.75000 0.11875
vt 0.29688 0.29688
vt 0.45312 0.29688
vt 0.45312 0.45312
vt 0.29688 0.45312
vn -1 0 0
f 2125/2125/532 2126/2126/532 2127/2127/532 2128/2128/532
v 0.18750 -0.75000 0.15625
v 0.22500 -0.75000 0.15625
v 0.22500 -0.75000 0.11875
v 0.18750 -0.75000 0.11875
vt 0.29688 0.29688
vt 0.45312 0.29688
vt 0.45312 0.45312
vt 0.29688 0.45312
vn 0 1 0
f 2129/2129/533 2130/2130/533 2131/2131/533 2132/2132/533
v 0.18750 -0.88300 0.11875
v 0.22500 -0.88300 0.11875
v 0.22500 -0.88300 0.15625
v 0.18750 -0.88300 0.15625
vt 0.29688 0.29688
vt 0.45312 0.29688
vt 0.45312 0.45312
vt 0.29688 0.45312
vn 0 -1 0
f 2133/2133/534 2134/2134/534 2135/2135/534 2136/2136/534
v 0.24375 -0.84975 -0.11875
v 0.28125 -0.84975 -0.11875
v 0.28125 -0.75000 -0.11875
v 0.24375 -0.75000 -0.11875
vt 0.04688 0.04688
vt 0.20312 0.04688
vt 0.20312 0.20312
vt 0.04688 0.20312
vn 0 0 1
f 2137/2137/535 2138/2138/535 2139/2139/535 2140/2140/535
v 0.28125 -0.84975 -0.15625
v 0.24375 -0.84975 -0.15625
v 0.24375 -0.75000 -0.15625
v 0.28125 -0.75000 -0.15625
vt 0.04688 0.04688
vt 0.20312 0.04688
vt 0.20312 0.20312
vt 0.04688 0.20312
vn 0 0 -1
f 2141/2141/536 2142/2142/536 2143/2143/536 2144/2144/536
v 0.28125 -0.84975 -0.11875
v 0.28125 -0.84975 -0.15625
v 0.28125 -0.75000 -0.15625
v 0.28125 -0.75000 -0.11875
vt 0.04688 0.04688
vt 0.20312 0.04688
vt 0.20312 0.20312
vt 0.04688 0.20312
vn 1 0 0
f 2145/2145/537 2146/2146/537 2147/2147/537 2148/2148/537
v 0.24375 -0.84975 -0.15625
v 0.24375 -0.84975 -0.11875
v 0.24375 -0.75000 -0.11875
v 0.24375 -0.75000 -0.15625
vt 0.04688 0.04688
vt 0.20312 0.04688
vt 0.20312 0.20312
vt 0.04688 0.20312
vn -1 0 0
f 2149/2149/538 2150/2150/538 2151/2151/538 2152/2152/538
v 0.24375 -0.75000 -0.11875
v 0.28125 -0.75000 -0.11875
v 0.28125 -0.75000 -0.15625
v 0.24375 -0.75000 -0.15625
vt 0.04688 0.04688
vt 0.20312 0.04688
vt 0.20312 0.20312
vt 0.04688 0.20312
vn 0 1 0
f 2153/2153/539 2154/2154/539 2155/2155/539 2156/2156/539
v 0.24375 -0.84975 -0.15625
v 0.28125 -0.84975 -0.15625
v 0.28125 -0.84975 -0.11875
v 0.24375 -0.84975 -0.11875
vt 0.04688 0.04688
vt 0.20312 0.04688
vt 0.20312 0.20312
vt 0.04688 0.20312
vn 0 -1 0
f 2157/2157/540 2158/2158/540 2159/2159/540 2160/2160/540
v 0.24375 -0.88640 0.15625
v 0.28125 -0.88640 0.15625
v 0.28125 -0.75000 0.15625
v 0.24375 -0.75000 0.15625
vt 0.79688 0.29688
vt 0.95312 0.29688
vt 0.95312 0.45312
vt 0.79688 0.45312
vn 0 0 1
f 2161/2161/541 2162/2162/541 2163/2163/541 2164/2164/541
v 0.28125 -0.88640 0.11875
v 0.24375 -0.88640 0.11875
v 0.24375 -0.75000 0.11875
v 0.28125 -0.75000 0.11875
vt 0.79688 0.29688
vt 0.95312 0.29688
vt 0.95312 0.45312
vt 0.79688 0.45312
vn 0 0 -1
f 2165/2165/542 2166/2166/542 2167/2167/542 2168/2168/542
v 0.28125 -0.88640 0.15625
v 0.28125 -0.88640 0.11875
v 0.28125 -0.75000 0.11875
v 0.28125 -0.75000 0.15625
vt 0.79688 0.29688
vt 0.95312 0.29688
vt 0.95312 0.45312
vt 0.79688 0.45312
vn 1 0 0
f 2169/2169/543 2170/2170/543 2171/2171/543 2172/2172/543
v 0.24375 -0.88640 0.11875
v 0.24375 -0.88640 0.15625
v 0.24375 -0.75000 0.15625
v 0.24375 -0.75000 0.11875
vt 0.79688 0.29688
vt 0.95312 0.29688
vt 0.95312 0.45312
vt 0.79688 0.45312
vn -1 0 0
f 2173/2173/544 2174/2174/544 2175/2175/544 2176/2176/544
v 0.24375 -0.75000 0.15625
v 0.28125 -0.75000 0.15625
v 0.28125 -0.75000 0.11875
v 0.24375 -0.75000 0.11875
vt 0.79688 0.29688
vt 0.95312 0.29688
vt 0.95312 0.45312
vt 0.79688 0.45312
vn 0 1 0
f 2177/2177/545 2178/2178/545 2179/2179/545 2180/2180/545
v 0.24375 -0.88640 0.11875
v 0.28125 -0.88640 0.11875
v 0.28125 -0.88640 0.15625
v 0.24375 -0.88640 0.15625
vt 0.79688 0.29688
vt 0.95312 0.29688
vt 0.95312 0.45312
vt 0.79688 0.45312
vn 0 -1 0
f 2181/2181/546 2182/2182/546 2183/2183/546 2184/2184/546
o right_arm
v -0.21875 -0.56250 0.15625
v 0.09375 -0.56250 0.15625
v 0.09375 0.15625 0.15625
v -0.21875 0.15625 0.15625
vt 0.29688 0.29688
vt 0.45312 0.29688
vt 0.45312 0.45312
vt 0.29688 0.45312
vn 0 0 1
f 2185/2185/547 2186/2186/547 2187/2187/547 2188/2188/547
v 0.09375 -0.56250 -0.15625
v -0.21875 -0.56250 -0.15625
v -0.21875 0.15625 -0.15625
v 0.09375 0.15625 -0.15625
vt 0.29688 0.29688
vt 0.45312 0.29688
vt 0.45312 0.45312
vt 0.29688 0.45312
vn 0 0 -1
f 2189/2189/548 2190/2190/548 2191/2191/548 2192/2192/548
v 0.09375 -0.56250 0.15625
v 0.09375 -0.56250 -0.15625
v 0.09375 0.15625 -0.15625
v 0.09375 0.15625 0.15625
vt 0.29688 0.29688
vt 0.45312 0.29688
vt 0.45312 0.45312
vt 0.29688 0.45312
vn 1 0 0
f 2193/2193/549 2194/2194/549 2195/2195/549 2196/2196/549
v -0.21875 -0.56250 -0.15625
v -0.21875 -0.56250 0.15625
v -0.21875 0.15625 0.15625
v -0.21875 0.15625 -0.15625
vt 0.29688 0.29688
vt 0.45312 0.29688
vt 0.45312 0.45312
vt 0.29688 0.45312
vn -1 0 0
f 2197/2197/550 2198/2198/550 2199/2199/550 2200/2200/550
v -0.21875 0.15625 0.15625
v 0.09375 0.15625 0.15625
v 0.09375 0.15625 -0.15625
v -0.21875 0.15625 -0.15625
vt 0.29688 0.29688
vt 0.45312 0.29688
vt 0.45312 0.45312
vt 0.29688 0.45312
vn 0 1 0
f 2201/2201/551 2202/2202/551 2203/2203/551 2204/2204/551
v -0.21875 -0.56250 -0.15625
v 0.09375 -0.56250 -0.15625
v 0.09375 -0.56250 0.15625
v -0.21875 -0.56250 0.15625
vt 0.29688 0.29688
vt 0.45312 0.29688
vt 0.45312 0.45312
vt 0.29688 0.45312
vn 0 -1 0
f 2205/2205/552 2206/2206/552 2207/2207/552 2208/2208/552
v -0.10448 -0.12811 0.21298
v -0.01925 -0.12811 0.21298
v -0.01925 -0.04287 0.21298
v -0.10448 -0.04287 0.21298
vt 0.79688 0.29688
vt 0.95312 0.29688
vt 0.95312 0.45312
vt 0.79688 0.45312
vn 0 0 1
f 2209/2209/553 2210/2210/553 2211/2211/553 2212/2212/553
v -0.01925 -0.12811 0.15625
v -0.10448 -0.12811 0.15625
v -0.10448 -0.04287 0.15625
v -0.01925 -0.04287 0.15625
vt 0.79688 0.29688
vt 0.95312 0.29688
vt 0.95312 0.45312
vt 0.79688 0.45312
vn 0 0 -1
f 2213/2213/554 2214/2214/554 2215/2215/554 2216/2216/554
v -0.01925 -0.12811 0.21298
v -0.01925 -0.12811 0.15625
v -0.01925 -0.04287 0.15625
v -0.01925 -0.04287 0.21298
vt 0.79688 0.29688
vt 0.95312 0.29688
vt 0.95312 0.45312
vt 0.79688 0.45312
vn 1 0 0
f 2217/2217/555 2218/2218/555 2219/2219/555 2220/2220/555
v -0.10448 -0.12811 0.15625
v -0.10448 -0.12811 0.21298
v -0.10448 -0.04287 0.21298
v -0.10448 -0.04287 0.15625
vt 0.79688 0.29688
vt 0.95312 0.29688
vt 0.95312 0.45312
vt 0.79688 0.45312
vn -1 0 0
f 2221/2221/556 2222/2222/556 2223/2223/556 2224/2224/556
v -0.10448 -0.04287 0.21298
v -0.01925 -0.04287 0.21298
v -0.01925 -0.04287 0.15625
v -0.10448 -0.04287 0.15625
vt 0.79688 0.29688
vt 0.95312 0.29688
vt 0.95312 0.45312
vt 0.79688 0.45312
vn 0 1 0
f 2225/2225/557 2226/2226/557 2227/2227/557 2228/2228/557
v -0.10448 -0.12811 0.15625
v -0.01925 -0.12811 0.15625
v -0.01925 -0.12811 0.21298
v -0.10448 -0.12811 0.21298
vt 0.79688 0.29688
vt 0.95312 0.29688
vt 0.95312 0.45312
vt 0.79688 0.45312
vn 0 -1 0
f 2229/2229/558 2230/2230/558 2231/2231/558 2232/2232/558
v -0.21043 -0.21571 -0.15625
v -0.12028 -0.21571 -0.15625
v -0.12028 -0.12557 -0.15625
v -0.21043 -0.12557 -0.15625
vt 0.29688 0.29688
vt 0.45312 0.29688
vt 0.45312 0.45312
vt 0.29688 0.45312
vn 0 0 1
f 2233/2233/559 2234/2234/559 2235/2235/559 2236/2236/559
v -0.12028 -0.21571 -0.20535
v -0.21043 -0.21571 -0.20535
v -0.21043 -0.12557 -0.20535
v -0.12028 -0.12557 -0.20535
vt 0.29688 0.29688
vt 0.45312 0.29688
vt 0.45312 0.45312
vt 0.29688 0.45312
vn 0 0 -1
f 2237/2237/560 2238/2238/560 2239/2239/560 2240/2240/560
v -0.12028 -0.21571 -0.15625
v -0.12028 -0.21571 -0.20535
v -0.12028 -0.12557 -0.20535
v -0.12028 -0.12557 -0.15625
vt 0.29688 0.29688
vt 0.45312 0.29688
vt 0.45312 0.45312
vt 0.29688 0.45312
vn 1 0 0
f 2241/2241/561 2242/2242/561 2243/2243/561 2244/2244/561
v -0.21043 -0.21571 -0.20535
v -0.21043 -0.21571 -0.15625
v -0.21043 -0.12557 -0.15625
v -0.21043 -0.12557 -0.20535
vt 0.29688 0.29688
vt 0.45312 0.29688
vt 0.45312 0.45312
vt 0.29688 0.45312
vn -1 0 0
f 2245/2245/562 2246/2246/562 2247/2247/562 2248/2248/562
v -0.21043 -0.12557 -0.15625
v -0.12028 -0.12557 -0.15625
v -0.12028 -0.12557 -0.20535
v -0.21043 -0.12557 -0.20535
vt 0.29688 0.29688
vt 0.45312 0.29688
vt 0.45312 0.45312
vt 0.29688 0.45312
vn 0 1 0
f 2249/2249/563 2250/2250/563 2251/2251/563 2252/2252/563
v -0.21043 -0.21571 -0.20535
v -0.12028 -0.21571 -0.20535
v -0.12028 -0.21571 -0.15625
v -0.21043 -0.21571 -0.15625
vt 0.29688 0.29688
vt 0.45312 0.29688
vt 0.45312 0.45312
vt 0.29688 0.45312
vn 0 -1 0
f 2253/2253/564 2254/2254/564 2255/2255/564 2256/2256/564
v -0.17866 0.15625 -0.01670
v -0.08341 0.15625 -0.01670
v -0.08341 0.18569 -0.01670
v -0.17866 0.18569 -0.01670
vt 0.54688 0.29688
vt 0.70312 0.29688
vt 0.70312 0.45312
vt 0.54688 0.45312
vn 0 0 1
f 2257/2257/565 2258/2258/565 2259/2259/565 2260/2260/565
v -0.08341 0.15625 -0.11195
v -0.17866 0.15625 -0.11195
v -0.17866 0.18569 -0.11195
v -0.08341 0.18569 -0.11195
vt 0.54688 0.29688
vt 0.70312 0.29688
vt 0.70312 0.45312
vt 0.54688 0.45312
vn 0 0 -1
f 2261/2261/566 2262/2262/566 2263/2263/566 2264/2264/566
v -0.08341 0.15625 -0.01670
v -0.08341 0.15625 -0.11195
v -0.08341 0.18569 -0.11195
v -0.08341 0.18569 -0.01670
vt 0.54688 0.29688
vt 0.70312 0.29688
vt 0.70312 0.45312
vt 0.54688 0.45312
vn 1 0 0
f 2265/2265/567 2266/2266/567 2267/2267/567 2268/2268/567
v -0.17866 0.15625 -0.11195
v -0.17866 0.15625 -0.01670
v -0.17866 0.18569 -0.01670
v -0.17866 0.18569 -0.11195
vt 0.54688 0.29688
vt 0.70312 0.29688
vt 0.70312 0.45312
vt 0.54688 0.45312
vn -1 0 0
f 2269/2269/568 2270/2270/568 2271/2271/568 2272/2272/568
v -0.17866 0.18569 -0.01670
v -0.08341 0.18569 -0.01670
v -0.08341 0.18569 -0.11195
v -0.17866 0.18569 -0.11195
vt 0.54688 0.29688
vt 0.70312 0.29688
vt 0.70312 0.45312
vt 0.54688 0.45312
vn 0 1 0
f 2273/2273/569 2274/2274/569 2275/2275/569 2276/2276/569
v -0.17866 0.15625 -0.11195
v -0.08341 0.15625 -0.11195
v -0.08341 0.15625 -0.01670
v -0.17866 0.15625 -0.01670
vt 0.54688 0.29688
vt 0.70312 0.29688
vt 0.70312 0.45312
vt 0.54688 0.45312
vn 0 -1 0
f 2277/2277/570 2278/2278/570 2279/2279/570 2280/2280/570
v -0.09527 -0.47924 -0.15625
v 0.00425 -0.47924 -0.15625
v 0.00425 -0.37973 -0.15625
v -0.09527 -0.37973 -0.15625
vt 0.29688 0.29688
vt 0.45312 0.29688
vt 0.45312 0.45312
vt 0.29688 0.45312
vn 0 0 1
f 2281/2281/571 2282/2282/571 2283/2283/571 2284/2284/571
v 0.00425 -0.47924 -0.22759
v -0.09527 -0.47924 -0.22759
v -0.09527 -0.37973 -0.22759
v 0.00425 -0.37973 -0.22759
vt 0.29688 0.29688
vt 0.45312 0.29688
vt 0.45312 0.45312
vt 0.29688 0.45312
vn 0 0 -1
f 2285/2285/572 2286/2286/572 2287/2287/572 2288/2288/572
v 0.00425 -0.47924 -0.15625
v 0.00425 -0.47924 -0.22759
v 0.00425 -0.37973 -0.22759
v 0.00425 -0.37973 -0.15625
vt 0.29688 0.29688
vt 0.45312 0.29688
vt 0.45312 0.45312
vt 0.29688 0.45312
vn 1 0 0
f 2289/2289/573 2290/2290/573 2291/2291/573 2292/2292/573
v -0.09527 -0.47924 -0.22759
v -0.09527 -0.47924 -0.15625
v -0.09527 -0.37973 -0.15625
v -0.09527 -0.37973 -0.22759
vt 0.29688 0.29688
vt 0.45312 0.29688
vt 0.45312 0.45312
vt 0.29688 0.45312
vn -1 0 0
f 2293/2293/574 2294/2294/574 2295/2295/574 2296/2296/574
v -0.09527 -0.37973 -0.15625
v 0.00425 -0.37973 -0.15625
v 0.00425 -0.37973 -0.22759
v -0.09527 -0.37973 -0.22759
vt 0.29688 0.29688
vt 0.45312 0.29688
vt 0.45312 0.45312
vt 0.29688 0.45312
vn 0 1 0
f 2297/2297/575 2298/2298/575 2299/2299/575 2300/2300/575
v -0.09527 -0.47924 -0.22759
v 0.00425 -0.47924 -0.22759
v 0.00425 -0.47924 -0.15625
v -0.09527 -0.47924 -0.15625
vt 0.29688 0.29688
vt 0.45312 0.29688
vt 0.45312 0.45312
vt 0.29688 0.45312
vn 0 -1 0
f 2301/2301/576 2302/2302/576 2303/2303/576 2304/2304/576
v -0.24859 -0.21990 0.01840
v -0.21875 -0.21990 0.01840
v -0.21875 -0.16602 0.01840
v -0.24859 -0.16602 0.01840
vt 0.04688 0.04688
vt 0.20312 0.04688
vt 0.20312 0.20312
vt 0.04688 0.20312
vn 0 0 1
f 2305/2305/577 2306/2306/577 2307/2307/577 2308/2308/577
v -0.21875 -0.21990 -0.03548
v -0.24859 -0.21990 -0.03548
v -0.24859 -0.16602 -0.03548
v -0.21875 -0.16602 -0.03548
vt 0.04688 0.04688
vt 0.20312 0.04688
vt 0.20312 0.20312
vt 0.04688 0.20312
vn 0 0 -1
f 2309/2309/578 2310/2310/578 2311/2311/578 2312/2312/578
v -0.21875 -0.21990 0.01840
v -0.21875 -0.21990 -0.03548
v -0.21875 -0.16602 -0.03548
v -0.21875 -0.16602 0.01840
vt 0.04688 0.04688
vt 0.20312 0.04688
vt 0.20312 0.20312
vt 0.04688 0.20312
vn 1 0 0
f 2313/2313/579 2314/2314/579 2315/2315/579 2316/2316/579
v -0.24859 -0.21990 -0.03548
v -0.24859 -0.21990 0.01840
v -0.24859 -0.16602 0.01840
v -0.24859 -0.16602 -0.03548
vt 0.04688 0.04688
vt 0.20312 0.04688
vt 0.20312 0.20312
vt 0.04688 0.20312
vn -1 0 0
f 2317/2317/580 2318/2318/580 2319/2319/580 2320/2320/580
v -0.24859 -0.16602 0.01840
v -0.21875 -0.16602 0.01840
v -0.21875 -0.16602 -0.03548
v -0.24859 -0.16602 -0.03548
vt 0.04688 0.04688
vt 0.20312 0.04688
vt 0.20312 0.20312
vt 0.04688 0.20312
vn 0 1 0
f 2321/2321/581 2322/2322/581 2323/2323/581 2324/2324/581
v -0.24859 -0.21990 -0.03548
v -0.21875 -0.21990 -0.03548
v -0.21875 -0.21990 0.01840
v -0.24859 -0.21990 0.01840
vt 0.04688 0.04688
vt 0.20312 0.04688
vt 0.20312 0.20312
vt 0.04688 0.20312
vn 0 -1 0
f 2325/2325/582 2326/2326/582 2327/2327/582 2328/2328/582
v -0.26241 -0.44318 0.11700
v -0.21875 -0.44318 0.11700
v -0.21875 -0.38268 0.11700
v -0.26241 -0.38268 0.11700
vt 0.29688 0.29688
vt 0.45312 0.29688
vt 0.45312 0.45312
vt 0.29688 0.45312
vn 0 0 1
f 2329/2329/583 2330/2330/583 2331/2331/583 2332/2332/583
v -0.21875 -0.44318 0.05650
v -0.26241 -0.44318 0.05650
v -0.26241 -0.38268 0.05650
v -0.21875 -0.38268 0.05650
vt 0.29688 0.29688
vt 0.45312 0.29688
vt 0.45312 0.45312
vt 0.29688 0.45312
vn 0 0 -1
f 2333/2333/584 2334/2334/584 2335/2335/584 2336/2336/584
v -0.21875 -0.44318 0.11700
v -0.21875 -0.44318 0.05650
v -0.21875 -0.38268 0.05650
v -0.21875 -0.38268 0.11700
vt 0.29688 0.29688
vt 0.45312 0.29688
vt 0.45312 0.45312
vt 0.29688 0.45312
vn 1 0 0
f 2337/2337/585 2338/2338/585 2339/2339/585 2340/2340/585
v -0.26241 -0.44318 0.05650
v -0.26241 -0.44318 0.11700
v -0.26241 -0.38268 0.11700
v -0.26241 -0.38268 0.05650
vt 0.29688 0.29688
vt 0.45312 0.29688
vt 0.45312 0.45312
vt 0.29688 0.45312
vn -1 0 0
f 2341/2341/586 2342/2342/586 2343/2343/586 2344/2344/586
v -0.26241 -0.38268 0.11700
v -0.21875 -0.38268 0.11700
v -0.21875 -0.38268 0.05650
v -0.26241 -0.38268 0.05650
vt 0.29688 0.29688
vt 0.45312 0.29688
vt 0.45312 0.45312
vt 0.29688 0.45312
vn 0 1 0
f 2345/2345/587 2346/2346/587 2347/2347/587 2348/2348/587
v -0.26241 -0.44318 0.05650
v -0.21875 -0.44318 0.05650
v -0.21875 -0.44318 0.11700
v -0.26241 -0.44318 0.11700
vt 0.29688 0.29688
vt 0.45312 0.29688
vt 0.45312 0.45312
vt 0.29688 0.45312
vn 0 -1 0
f 2349/2349/588 2350/2350/588 2351/2351/588 2352/2352/588
v -0.26226 -0.50081 0.05963
v -0.21875 -0.50081 0.05963
v -0.21875 -0.43283 0.05963
v -0.26226 -0.43283 0.05963
vt 0.54688 0.29688
vt 0.70312 0.29688
vt 0.70312 0.45312
vt 0.54688 0.45312
vn 0 0 1
f 2353/2353/589 2354/2354/589 2355/2355/589 2356/2356/589
v -0.21875 -0.50081 -0.00835
v -0.26226 -0.50081 -0.00835
v -0.26226 -0.43283 -0.00835
v -0.21875 -0.43283 -0.00835
vt 0.54688 0.29688
vt 0.70312 0.29688
vt 0.70312 0.45312
vt 0.54688 0.45312
vn 0 0 -1
f 2357/2357/590 2358/2358/590 2359/2359/590 2360/2360/590
v -0.21875 -0.50081 0.05963
v -0.21875 -0.50081 -0.00835
v -0.21875 -0.43283 -0.00835
v -0.21875 -0.43283 0.05963
vt 0.54688 0.29688
vt 0.70312 0.29688
vt 0.70312 0.45312
vt 0.54688 0.45312
vn 1 0 0
f 2361/2361/591 2362/2362/591 2363/2363/591 2364/2364/591
v -0.26226 -0.50081 -0.00835
v -0.26226 -0.50081 0.05963
v -0.26226 -0.43283 0.05963
v -0.26226 -0.43283 -0.00835
vt 0.54688 0.29688
vt 0.70312 0.29688
vt 0.70312 0.45312
vt 0.54688 0.45312
vn -1 0 0
f 2365/2365/592 2366/2366/592 2367/2367/592 2368/2368/592
v -0.26226 -0.43283 0.05963
v -0.21875 -0.43283 0.05963
v -0.21875 -0.43283 -0.00835
v -0.26226 -0.43283 -0.00835
vt 0.54688 0.29688
vt 0.70312 0.29688
vt 0.70312 0.45312
vt 0.54688 0.45312
vn 0 1 0
f 2369/2369/593 2370/2370/593 2371/2371/593 2372/2372/593
v -0.26226 -0.50081 -0.00835
v -0.21875 -0.50081 -0.00835
v -0.21875 -0.50081 0.05963
v -0.26226 -0.50081 0.05963
vt 0.54688 0.29688
vt 0.70312 0.29688
vt 0.70312 0.45312
vt 0.54688 0.45312
vn 0 -1 0
f 2373/2373/594 2374/2374/594 2375/2375/594 2376/2376/594
v -0.07843 -0.43789 0.18549
v -0.01224 -0.43789 0.18549
v -0.01224 -0.37171 0.18549
v -0.07843 -0.37171 0.18549
vt 0.04688 0.04688
vt 0.20312 0.04688
vt 0.20312 0.20312
vt 0.04688 0.20312
vn 0 0 1
f 2377/2377/595 2378/2378/595 2379/2379/595 2380/2380/595
v -0.01224 -0.43789 0.15625
v -0.07843 -0.43789 0.15625
v -0.07843 -0.37171 0.15625
v -0.01224 -0.37171 0.15625
vt 0.04688 0.04688
vt 0.20312 0.04688
vt 0.20312 0.20312
vt 0.04688 0.20312
vn 0 0 -1
f 2381/2381/596 2382/2382/596 2383/2383/596 2384/2384/596
v -0.01224 -0.43789 0.18549
v -0.01224 -0.43789 0.15625
v -0.01224 -0.37171 0.15625
v -0.01224 -0.37171 0.18549
vt 0.04688 0.04688
vt 0.20312 0.04688
vt 0.20312 0.20312
vt 0.04688 0.20312
vn 1 0 0
f 2385/2385/597 2386/2386/597 2387/2387/597 2388/2388/597
v -0.07843 -0.43789 0.15625
v -0.07843 -0.43789 0.18549
v -0.07843 -0.37171 0.18549
v -0.07843 -0.37171 0.15625
vt 0.04688 0.04688
vt 0.20312 0.04688
vt 0.20312 0.20312
vt 0.04688 0.20312
vn -1 0 0
f 2389/2389/598 2390/2390/598 2391/2391/598 2392/2392/598
v -0.07843 -0.37171 0.18549
v -0.01224 -0.37171 0.18549
v -0.01224 -0.37171 0.15625
v -0.07843 -0.37171 0.15625
vt 0.04688 0.04688
vt 0.20312 0.04688
vt 0.20312 0.20312
vt 0.04688 0.20312
vn 0 1 0
f 2393/2393/599 2394/2394/599 2395/2395/599 2396/2396/599
v -0.07843 -0.43789 0.15625
v -0.01224 -0.43789 0.15625
v -0.01224 -0.43789 0.18549
v -0.07843 -0.43789 0.18549
vt 0.04688 0.04688
vt 0.20312 0.04688
vt 0.20312 0.20312
vt 0.04688 0.20312
vn 0 -1 0
f 2397/2397/600 2398/2398/600 2399/2399/600 2400/2400/600
v -0.15911 0.15625 -0.03231
v -0.05998 0.15625 -0.03231
v -0.05998 0.19539 -0.03231
v -0.15911 0.19539 -0.03231
vt 0.79688 0.29688
vt 0.95312 0.29688
vt 0.95312 0.45312
vt 0.79688 0.45312
vn 0 0 1
f 2401/2401/601 2402/2402/601 2403/2403/601 2404/2404/601
v -0.05998 0.15625 -0.13144
v -0.15911 0.15625 -0.13144
v -0.15911 0.19539 -0.13144
v -0.05998 0.19539 -0.13144
vt 0.79688 0.29688
vt 0.95312 0.29688
vt 0.95312 0.45312
vt 0.79688 0.45312
vn 0 0 -1
f 2405/2405/602 2406/2406/602 2407/2407/602 2408/2408/602
v -0.05998 0.15625 -0.03231
v -0.05998 0.15625 -0.13144
v -0.05998 0.19539 -0.13144
v -0.05998 0.19539 -0.03231
vt 0.79688 0.29688
vt 0.95312 0.29688
vt 0.95312 0.45312
vt 0.79688 0.45312
vn 1 0 0
f 2409/2409/603 2410/2410/603 2411/2411/603 2412/2412/603
v -0.15911 0.15625 -0.13144
v -0.15911 0.15625 -0.03231
v -0.15911 0.19539 -0.03231
v -0.15911 0.19539 -0.13144
vt 0.79688 0.29688
vt 0.95312 0.29688
vt 0.95312 0.45312
vt 0.79688 0.45312
vn -1 0 0
f 2413/2413/604 2414/2414/604 2415/2415/604 2416/2416/604
v -0.15911 0.19539 -0.03231
v -0.05998 0.19539 -0.03231
v -0.05998 0.19539 -0.13144
v -0.15911 0.19539 -0.13144
vt 0.79688 0.29688
vt 0.95312 0.29688
vt 0.95312 0.45312
vt 0.79688 0.45312
vn 0 1 0
f 2417/2417/605 2418/2418/605 2419/2419/605 2420/2420/605
v -0.15911 0.15625 -0.13144
v -0.05998 0.15625 -0.13144
v -0.05998 0.15625 -0.03231
v -0.15911 0.15625 -0.03231
vt 0.79688 0.29688
vt 0.95312 0.29688
vt 0.95312 0.45312
vt 0.79688 0.45312
vn 0 -1 0
f 2421/2421/606 2422/2422/606 2423/2423/606 2424/2424/606
v -0.02363 -0.12615 -0.15625
v 0.06710 -0.12615 -0.15625
v 0.06710 -0.03542 -0.15625
v -0.02363 -0.03542 -0.15625
vt 0.79688 0.29688
vt 0.95312 0.29688
vt 0.95312 0.45312
vt 0.79688 0.45312
vn 0 0 1
f 2425/2425/607 2426/2426/607 2427/2427/607 2428/2428/607
v 0.06710 -0.12615 -0.20153
v -0.02363 -0.12615 -0.20153
v -0.02363 -0.03542 -0.20153
v 0.06710 -0.03542 -0.20153
vt 0.79688 0.29688
vt 0.95312 0.29688
vt 0.95312 0.45312
vt 0.79688 0.45312
vn 0 0 -1
f 2429/2429/608 2430/2430/608 2431/2431/608 2432/2432/608
v 0.06710 -0.12615 -0.15625
v 0.06710 -0.12615 -0.20153
v 0.06710 -0.03542 -0.20153
v 0.06710 -0.03542 -0.15625
vt 0.79688 0.29688
vt 0.95312 0.29688
vt 0.95312 0.45312
vt 0.79688 0.45312
vn 1 0 0
f 2433/2433/609 2434/2434/609 2435/2435/609 2436/2436/609
v -0.02363 -0.12615 -0.20153
v -0.02363 -0.12615 -0.15625
v -0.02363 -0.03542 -0.15625
v -0.02363 -0.03542 -0.20153
vt 0.79688 0.29688
vt 0.95312 0.29688
vt 0.95312 0.45312
vt 0.79688 0.45312
vn -1 0 0
f 2437/2437/610 2438/2438/610 2439/2439/610 2440/2440/610
v -0.02363 -0.03542 -0.15625
v 0.06710 -0.03542 -0.15625
v 0.06710 -0.03542 -0.20153
v -0.02363 -0.03542 -0.20153
vt 0.79688 0.29688
vt 0.95312 0.29688
vt 0.95312 0.45312
vt 0.79688 0.45312
vn 0 1 0
f 2441/2441/611 2442/2442/611 2443/2443/611 2444/2444/611
v -0.02363 -0.12615 -0.20153
v 0.06710 -0.12615 -0.20153
v 0.06710 -0.12615 -0.15625
v -0.02363 -0.12615 -0.15625
vt 0.79688 0.29688
vt 0.95312 0.29688
vt 0.95312 0.45312
vt 0.79688 0.45312
vn 0 -1 0
f 2445/2445/612 2446/2446/612 2447/2447/612 2448/2448/612
v -0.26404 -0.34705 -0.05217
v -0.21875 -0.34705 -0.05217
v -0.21875 -0.25879 -0.05217
v -0.26404 -0.25879 -0.05217
vt 0.54688 0.29688
vt 0.70312 0.29688
vt 0.70312 0.45312
vt 0.54688 0.45312
vn 0 0 1
f 2449/2449/613 2450/2450/613 2451/2451/613 2452/2452/613
v -0.21875 -0.34705 -0.14043
v -0.26404 -0.34705 -0.14043
v -0.26404 -0.25879 -0.14043
v -0.21875 -0.25879 -0.14043
vt 0.54688 0.29688
vt 0.70312 0.29688
vt 0.70312 0.45312
vt 0.54688 0.45312
vn 0 0 -1
f 2453/2453/614 2454/2454/614 2455/2455/614 2456/2456/614
v -0.21875 -0.34705 -0.05217
v -0.21875 -0.34705 -0.14043
v -0.21875 -0.25879 -0.14043
v -0.21875 -0.25879 -0.05217
vt 0.54688 0.29688
vt 0.70312 0.29688
vt 0.70312 0.45312
vt 0.54688 0.45312
vn 1 0 0
f 2457/2457/615 2458/2458/615 2459/2459/615 2460/2460/615
v -0.26404 -0.34705 -0.14043
v -0.26404 -0.34705 -0.05217
v -0.26404 -0.25879 -0.05217
v -0.26404 -0.25879 -0.14043
vt 0.54688 0.29688
vt 0.70312 0.29688
vt 0.70312 0.45312
vt 0.54688 0.45312
vn -1 0 0
f 2461/2461/616 2462/2462/616 2463/2463/616 2464/2464/616
v -0.26404 -0.25879 -0.05217
v -0.21875 -0.25879 -0.05217
v -0.21875 -0.25879 -0.14043
v -0.26404 -0.25879 -0.14043
vt 0.54688 0.29688
vt 0.70312 0.29688
vt 0.70312 0.45312
vt 0.54688 0.45312
vn 0 1 0
f 2465/2465/617 2466/2466/617 2467/2467/617 2468/2468/617
v -0.26404 -0.34705 -0.14043
v -0.21875 -0.34705 -0.14043
v -0.21875 -0.34705 -0.05217
v -0.26404 -0.34705 -0.05217
vt 0.54688 0.29688
vt 0.70312 0.29688
vt 0.70312 0.45312
vt 0.54688 0.45312
vn 0 -1 0
f 2469/2469/618 2470/2470/618 2471/2471/618 2472/2472/618
v -0.28815 0.06449 -0.04145
v -0.21875 0.06449 -0.04145
v -0.21875 0.11953 -0.04145
v -0.28815 0.11953 -0.04145
vt 0.29688 0.29688
vt 0.45312 0.29688
vt 0.45312 0.45312
vt 0.29688 0.45312
vn 0 0 1
f 2473/2473/619 2474/2474/619 2475/2475/619 2476/2476/619
v -0.21875 0.06449 -0.09649
v -0.28815 0.06449 -0.09649
v -0.28815 0.11953 -0.09649
v -0.21875 0.11953 -0.09649
vt 0.29688 0.29688
vt 0.45312 0.29688
vt 0.45312 0.45312
vt 0.29688 0.45312
vn 0 0 -1
f 2477/2477/620 2478/2478/620 2479/2479/620 2480/2480/620
v -0.21875 0.06449 -0.04145
v -0.21875 0.06449 -0.09649
v -0.21875 0.11953 -0.09649
v -0.21875 0.11953 -0.04145
vt 0.29688 0.29688
vt 0.45312 0.29688
vt 0.45312 0.45312
vt 0.29688 0.45312
vn 1 0 0
f 2481/2481/621 2482/2482/621 2483/2483/621 2484/2484/621
v -0.28815 0.06449 -0.09649
v -0.28815 0.06449 -0.04145
v -0.28815 0.11953 -0.04145
v -0.28815 0.11953 -0.09649
vt 0.29688 0.29688
vt 0.45312 0.29688
vt 0.45312 0.45312
vt 0.29688 0.45312
vn -1 0 0
f 2485/2485/622 2486/2486/622 2487/2487/622 2488/2488/622
v -0.28815 0.11953 -0.04145
v -0.21875 0.11953 -0.04145
v -0.21875 0.11953 -0.09649
v -0.28815 0.11953 -0.09649
vt 0.29688 0.29688
vt 0.45312 0.29688
vt 0.45312 0.45312
vt 0.29688 0.45312
vn 0 1 0
f 2489/2489/623 2490/2490/623 2491/2491/623 2492/2492/623
v -0.28815 0.06449 -0.09649
v -0.21875 0.06449 -0.09649
v -0.21875 0.06449 -0.04145
v -0.28815 0.06449 -0.04145
vt 0.29688 0.29688
vt 0.45312 0.29688
vt 0.45312 0.45312
vt 0.29688 0.45312
vn 0 -1 0
f 2493/2493/624 2494/2494/624 2495/2495/624 2496/2496/624
v 0.09375 -0.30854 0.04157
v 0.15174 -0.30854 0.04157
v 0.15174 -0.24165 0.04157
v 0.09375 -0.24165 0.04157
vt 0.54688 0.29688
vt 0.70312 0.29688
vt 0.70312 0.45312
vt 0.54688 0.45312
vn 0 0 1
f 2497/2497/625 2498/2498/625 2499/2499/625 2500/2500/625
v 0.15174 -0.30854 -0.02532
v 0.09375 -0.30854 -0.02532
v 0.09375 -0.24165 -0.02532
v 0.15174 -0.24165 -0.02532
vt 0.54688 0.29688
vt 0.70312 0.29688
vt 0.70312 0.45312
vt 0.54688 0.45312
vn 0 0 -1
f 2501/2501/626 2502/2502/626 2503/2503/626 2504/2504/626
v 0.15174 -0.30854 0.04157
v 0.15174 -0.30854 -0.02532
v 0.15174 -0.24165 -0.02532
v 0.15174 -0.24165 0.04157
vt 0.54688 0.29688
vt 0.70312 0.29688
vt 0.70312 0.45312
vt 0.54688 0.45312
vn 1 0 0
f 2505/2505/627 2506/2506/627 2507/2507/627 2508/2508/627
v 0.09375 -0.30854 -0.02532
v 0.09375 -0.30854 0.04157
v 0.09375 -0.24165 0.04157
v 0.09375 -0.24165 -0.02532
vt 0.54688 0.29688
vt 0.70312 0.29688
vt 0.70312 0.45312
vt 0.54688 0.45312
vn -1 0 0
f 2509/2509/628 2510/2510/628 2511/2511/628 2512/2512/628
v 0.09375 -0.24165 0.04157
v 0.15174 -0.24165 0.04157
v 0.15174 -0.24165 -0.02532
v 0.09375 -0.24165 -0.02532
vt 0.54688 0.29688
vt 0.70312 0.29688
vt 0.70312 0.45312
vt 0.54688 0.45312
vn 0 1 0
f 2513/2513/629 2514/2514/629 2515/2515/629 2516/2516/629
v 0.09375 -0.30854 -0.02532
v 0.15174 -0.30854 -0.02532
v 0.15174 -0.30854 0.04157
v 0.09375 -0.30854 0.04157
vt 0.54688 0.29688
vt 0.70312 0.29688
vt 0.70312 0.45312
vt 0.54688 0.45312
vn 0 -1 0
f 2517/2517/630 2518/2518/630 2519/2519/630 2520/2520/630
v -0.27881 -0.54797 0.15166
v -0.21875 -0.54797 0.15166
v -0.21875 -0.46586 0.15166
v -0.27881 -0.46586 0.15166
vt 0.04688 0.04688
vt 0.20312 0.04688
vt 0.20312 0.20312
vt 0.04688 0.20312
vn 0 0 1
f 2521/2521/631 2522/2522/631 2523/2523/631 2524/2524/631
v -0.21875 -0.54797 0.06955
v -0.27881 -0.54797 0.06955
v -0.27881 -0.46586 0.06955
v -0.21875 -0.46586 0.06955
vt 0.04688 0.04688
vt 0.20312 0.04688
vt 0.20312 0.20312
vt 0.04688 0.20312
vn 0 0 -1
f 2525/2525/632 2526/2526/632 2527/2527/632 2528/2528/632
v -0.21875 -0.54797 0.15166
v -0.21875 -0.54797 0.06955
v -0.21875 -0.46586 0.06955
v -0.21875 -0.46586 0.15166
vt 0.04688 0.04688
vt 0.20312 0.04688
vt 0.20312 0.20312
vt 0.04688 0.20312
vn 1 0 0
f 2529/2529/633 2530/2530/633 2531/2531/633 2532/2532/633
v -0.27881 -0.54797 0.06955
v -0.27881 -0.54797 0.15166
v -0.27881 -0.46586 0.15166
v -0.27881 -0.46586 0.06955
vt 0.04688 0.04688
vt 0.20312 0.04688
vt 0.20312 0.20312
vt 0.04688 0.20312
vn -1 0 0
f 2533/2533/634 2534/2534/634 2535/2535/634 2536/2536/634
v -0.27881 -0.46586 0.15166
v -0.21875 -0.46586 0.15166
v -0.21875 -0.46586 0.06955
v -0.27881 -0.46586 0.06955
vt 0.04688 0.04688
vt 0.20312 0.04688
vt 0.20312 0.20312
vt 0.04688 0.20312
vn 0 1 0
f 2537/2537/635 2538/2538/635 2539/2539/635 2540/2540/635
v -0.27881 -0.54797 0.06955
v -0.21875 -0.54797 0.06955
v -0.21875 -0.54797 0.15166
v -0.27881 -0.54797 0.15166
vt 0.04688 0.04688
vt 0.20312 0.04688
vt 0.20312 0.20312
vt 0.04688 0.20312
vn 0 -1 0
f 2541/2541/636 2542/2542/636 2543/2543/636 2544/2544/636
v -0.11551 0.15625 -0.08787
v -0.06011 0.15625 -0.08787
v -0.06011 0.17836 -0.08787
v -0.11551 0.17836 -0.08787
vt 0.04688 0.04688
vt 0.20312 0.04688
vt 0.20312 0.20312
vt 0.04688 0.20312
vn 0 0 1
f 2545/2545/637 2546/2546/637 2547/2547/637 2548/2548/637
v -0.06011 0.15625 -0.14328
v -0.11551 0.15625 -0.14328
v -0.11551 0.17836 -0.14328
v -0.06011 0.17836 -0.14328
vt 0.04688 0.04688
vt 0.20312 0.04688
vt 0.20312 0.20312
vt 0.04688 0.20312
vn 0 0 -1
f 2549/2549/638 2550/2550/638 2551/2551/638 2552/2552/638
v -0.06011 0.15625 -0.08787
v -0.06011 0.15625 -0.14328
v -0.06011 0.17836 -0.14328
v -0.06011 0.17836 -0.08787
vt 0.04688 0.04688
vt 0.20312 0.04688
vt 0.20312 0.20312
vt 0.04688 0.20312
vn 1 0 0
f 2553/2553/639 2554/2554/639 2555/2555/639 2556/2556/639
v -0.11551 0.15625 -0.14328
v -0.11551 0.15625 -0.08787
v -0.11551 0.17836 -0.08787
v -0.11551 0.17836 -0.14328
vt 0.04688 0.04688
vt 0.20312 0.04688
vt 0.20312 0.20312
vt 0.04688 0.20312
vn -1 0 0
f 2557/2557/640 2558/2558/640 2559/2559/640 2560/2560/640
v -0.11551 0.17836 -0.08787
v -0.06011 0.17836 -0.08787
v -0.06011 0.17836 -0.14328
v -0.11551 0.17836 -0.14328
vt 0.04688 0.04688
vt 0.20312 0.04688
vt 0.20312 0.20312
vt 0.04688 0.20312
vn 0 1 0
f 2561/2561/641 2562/2562/641 2563/2563/641 2564/2564/641
v -0.11551 0.15625 -0.14328
v -0.06011 0.15625 -0.14328
v -0.06011 0.15625 -0.08787
v -0.11551 0.15625 -0.08787
vt 0.04688 0.04688
vt 0.20312 0.04688
vt 0.20312 0.20312
vt 0.04688 0.20312
vn 0 -1 0
f 2565/2565/642 2566/2566/642 2567/2567/642 2568/2568/642
v -0.16102 0.01381 -0.15625
v -0.07862 0.01381 -0.15625
v -0.07862 0.09621 -0.15625
v -0.16102 0.09621 -0.15625
vt 0.79688 0.29688
vt 0.95312 0.29688
vt 0.95312 0.45312
vt 0.79688 0.45312
vn 0 0 1
f 2569/2569/643 2570/2570/643 2571/2571/643 2572/2572/643
v -0.07862 0.01381 -0.18179
v -0.16102 0.01381 -0.18179
v -0.16102 0.09621 -0.18179
v -0.07862 0.09621 -0.18179
vt 0.79688 0.29688
vt 0.95312 0.29688
vt 0.95312 0.45312
vt 0.79688 0.45312
vn 0 0 -1
f 2573/2573/644 2574/2574/644 2575/2575/644 2576/2576/644
v -0.07862 0.01381 -0.15625
v -0.07862 0.01381 -0.18179
v -0.07862 0.09621 -0.18179
v -0.07862 0.09621 -0.15625
vt 0.79688 0.29688
vt 0.95312 0.29688
vt 0.95312 0.45312
vt 0.79688 0.45312
vn 1 0 0
f 2577/2577/645 2578/2578/645 2579/2579/645 2580/2580/645
v -0.16102 0.01381 -0.18179
v -0.16102 0.01381 -0.15625
v -0.16102 0.09621 -0.15625
v -0.16102 0.09621 -0.18179
vt 0.79688 0.29688
vt 0.95312 0.29688
vt 0.95312 0.45312
vt 0.79688 0.45312
vn -1 0 0
f 2581/2581/646 2582/2582/646 2583/2583/646 2584/2584/646
v -0.16102 0.09621 -0.15625
v -0.07862 0.09621 -0.15625
v -0.07862 0.09621 -0.18179
v -0.16102 0.09621 -0.18179
vt 0.79688 0.29688
vt 0.95312 0.29688
vt 0.95312 0.45312
vt 0.79688 0.45312
vn 0 1 0
f 2585/2585/647 2586/2586/647 2587/2587/647 2588/2588/647
v -0.16102 0.01381 -0.18179
v -0.07862 0.01381 -0.18179
v -0.07862 0.01381 -0.15625
v -0.16102 0.01381 -0.15625
vt 0.79688 0.29688
vt 0.95312 0.29688
vt 0.95312 0.45312
vt 0.79688 0.45312
vn 0 -1 0
f 2589/2589/648 2590/2590/648 2591/2591/648 2592/2592/648
v -0.06851 0.15625 0.11140
v 0.00851 0.15625 0.11140
v 0.00851 0.18372 0.11140
v -0.06851 0.18372 0.11140
vt 0.29688 0.29688
vt 0.45312 0.29688
vt 0.45312 0.45312
vt 0.29688 0.45312
vn 0 0 1
f 2593/2593/649 2594/2594/649 2595/2595/649 2596/2596/649
v 0.00851 0.15625 0.03437
v -0.06851 0.15625 0.03437
v -0.06851 0.18372 0.03437
v 0.00851 0.18372 0.03437
vt 0.29688 0.29688
vt 0.45312 0.29688
vt 0.45312 0.45312
vt 0.29688 0.45312
vn 0 0 -1
f 2597/2597/650 2598/2598/650 2599/2599/650 2600/2600/650
v 0.00851 0.15625 0.11140
v 0.00851 0.15625 0.03437
v 0.00851 0.18372 0.03437
v 0.00851 0.18372 0.11140
vt 0.29688 0.29688
vt 0.45312 0.29688
vt 0.45312 0.45312
vt 0.29688 0.45312
vn 1 0 0
f 2601/2601/651 2602/2602/651 2603/2603/651 2604/2604/651
v -0.06851 0.15625 0.03437
v -0.06851 0.15625 0.11140
v -0.06851 0.18372 0.11140
v -0.06851 0.18372 0.03437
vt 0.29688 0.29688
vt 0.45312 0.29688
vt 0.45312 0.45312
vt 0.29688 0.45312
vn -1 0 0
f 2605/2605/652 2606/2606/652 2607/2607/652 2608/2608/652
v -0.06851 0.18372 0.11140
v 0.00851 0.18372 0.11140
v 0.00851 0.18372 0.03437
v -0.06851 0.18372 0.03437
vt 0.29688 0.29688
vt 0.45312 0.29688
vt 0.45312 0.45312
vt 0.29688 0.45312
vn 0 1 0
f 2609/2609/653 2610/2610/653 2611/2611/653 2612/2612/653
v -0.06851 0.15625 0.03437
v 0.00851 0.15625 0.03437
v 0.00851 0.15625 0.11140
v -0.06851 0.15625 0.11140
vt 0.29688 0.29688
vt 0.45312 0.29688
vt 0.45312 0.45312
vt 0.29688 0.45312
vn 0 -1 0
f 2613/2613/654 2614/2614/654 2615/2615/654 2616/2616/654
v -0.12793 0.03941 0.21467
v -0.05046 0.03941 0.21467
v -0.05046 0.11688 0.21467
v -0.12793 0.11688 0.21467
vt 0.29688 0.29688
vt 0.45312 0.29688
vt 0.45312 0.45312
vt 0.29688 0.45312
vn 0 0 1
f 2617/2617/655 2618/2618/655 2619/2619/655 2620/2620/655
v -0.05046 0.03941 0.15625
v -0.12793 0.03941 0.15625
v -0.12793 0.11688 0.15625
v -0.05046 0.11688 0.15625
vt 0.29688 0.29688
vt 0.45312 0.29688
vt 0.45312 0.45312
vt 0.29688 0.45312
vn 0 0 -1
f 2621/2621/656 2622/2622/656 2623/2623/656 2624/2624/656
v -0.05046 0.03941 0.21467
v -0.05046 0.03941 0.15625
v -0.05046 0.11688 0.15625
v -0.05046 0.11688 0.21467
vt 0.29688 0.29688
vt 0.45312 0.29688
vt 0.45312 0.45312
vt 0.29688 0.45312
vn 1 0 0
f 2625/2625/657 2626/2626/657 2627/2627/657 2628/2628/657
v -0.12793 0.03941 0.15625
v -0.12793 0.03941 0.21467
v -0.12793 0.11688 0.21467
v -0.12793 0.11688 0.15625
vt 0.29688 0.29688
vt 0.45312 0.29688
vt 0.45312 0.45312
vt 0.29688 0.45312
vn -1 0 0
f 2629/2629/658 2630/2630/658 2631/2631/658 2632/2632/658
v -0.12793 0.11688 0.21467
v -0.05046 0.11688 0.21467
v -0.05046 0.11688 0.15625
v -0.12793 0.11688 0.15625
vt 0.29688 0.29688
vt 0.45312 0.29688
vt 0.45312 0.45312
vt 0.29688 0.45312
vn 0 1 0
f 2633/2633/659 2634/2634/659 2635/2635/659 2636/2636/659
v -0.12793 0.03941 0.15625
v -0.05046 0.03941 0.15625
v -0.05046 0.03941 0.21467
v -0.12793 0.03941 0.21467
vt 0.29688 0.29688
vt 0.45312 0.29688
vt 0.45312 0.45312
vt 0.29688 0.45312
vn 0 -1 0
f 2637/2637/660 2638/2638/660 2639/2639/660 2640/2640/660
v -0.25221 -0.17762 0.04682
v -0.21875 -0.17762 0.04682
v -0.21875 -0.10403 0.04682
v -0.25221 -0.10403 0.04682
vt 0.04688 0.04688
vt 0.20312 0.04688
vt 0.20312 0.20312
vt 0.04688 0.20312
vn 0 0 1
f 2641/2641/661 2642/2642/661 2643/2643/661 2644/2644/661
v -0.21875 -0.17762 -0.02677
v -0.25221 -0.17762 -0.02677
v -0.25221 -0.10403 -0.02677
v -0.21875 -0.10403 -0.02677
vt 0.04688 0.04688
vt 0.20312 0.04688
vt 0.20312 0.20312
vt 0.04688 0.20312
vn 0 0 -1
f 2645/2645/662 2646/2646/662 2647/2647/662 2648/2648/662
v -0.21875 -0.17762 0.04682
v -0.21875 -0.17762 -0.02677
v -0.21875 -0.10403 -0.02677
v -0.21875 -0.10403 0.04682
vt 0.04688 0.04688
vt 0.20312 0.04688
vt 0.20312 0.20312
vt 0.04688 0.20312
vn 1 0 0
f 2649/2649/663 2650/2650/663 2651/2651/663 2652/2652/663
v -0.25221 -0.17762 -0.02677
v -0.25221 -0.17762 0.04682
v -0.25221 -0.10403 0.04682
v -0.25221 -0.10403 -0.02677
vt 0.04688 0.04688
vt 0.20312 0.04688
vt 0.20312 0.20312
vt 0.04688 0.20312
vn -1 0 0
f 2653/2653/664 2654/2654/664 2655/2655/664 2656/2656/664
v -0.25221 -0.10403 0.04682
v -0.21875 -0.10403 0.04682
v -0.21875 -0.10403 -0.02677
v -0.25221 -0.10403 -0.02677
vt 0.04688 0.04688
vt 0.20312 0.04688
vt 0.20312 0.20312
vt 0.04688 0.20312
vn 0 1 0
f 2657/2657/665 2658/2658/665 2659/2659/665 2660/2660/665
v -0.25221 -0.17762 -0.02677
v -0.21875 -0.17762 -0.02677
v -0.21875 -0.17762 0.04682
v -0.25221 -0.17762 0.04682
vt 0.04688 0.04688
vt 0.20312 0.04688
vt 0.20312 0.20312
vt 0.04688 0.20312
vn 0 -1 0
f 2661/2661/666 2662/2662/666 2663/2663/666 2664/2664/666
v -0.26479 -0.33530 0.06969
v -0.21875 -0.33530 0.06969
v -0.21875 -0.23804 0.06969
v -0.26479 -0.23804 0.06969
vt 0.04688 0.04688
vt 0.20312 0.04688
vt 0.20312 0.20312
vt 0.04688 0.20312
vn 0 0 1
f 2665/2665/667 2666/2666/667 2667/2667/667 2668/2668/667
v -0.21875 -0.33530 -0.02757
v -0.26479 -0.33530 -0.02757
v -0.26479 -0.23804 -0.02757
v -0.21875 -0.23804 -0.02757
vt 0.04688 0.04688
vt 0.20312 0.04688
vt 0.20312 0.20312
vt 0.04688 0.20312
vn 0 0 -1
f 2669/2669/668 2670/2670/668 2671/2671/668 2672/2672/668
v -0.21875 -0.33530 0.06969
v -0.21875 -0.33530 -0.02757
v -0.21875 -0.23804 -0.02757
v -0.21875 -0.23804 0.06969
vt 0.04688 0.04688
vt 0.20312 0.04688
vt 0.20312 0.20312
vt 0.04688 0.20312
vn 1 0 0
f 2673/2673/669 2674/2674/669 2675/2675/669 2676/2676/669
v -0.26479 -0.33530 -0.02757
v -0.26479 -0.33530 0.06969
v -0.26479 -0.23804 0.06969
v -0.26479 -0.23804 -0.02757
vt 0.04688 0.04688
vt 0.20312 0.04688
vt 0.20312 0.20312
vt 0.04688 0.20312
vn -1 0 0
f 2677/2677/670 2678/2678/670 2679/2679/670 2680/2680/670
v -0.26479 -0.23804 0.06969
v -0.21875 -0.23804 0.06969
v -0.21875 -0.23804 -0.02757
v -0.26479 -0.23804 -0.02757
vt 0.04688 0.04688
vt 0.20312 0.04688
vt 0.20312 0.20312
vt 0.04688 0.20312
vn 0 1 0
f 2681/2681/671 2682/2682/671 2683/2683/671 2684/2684/671
v -0.26479 -0.33530 -0.02757
v -0.21875 -0.33530 -0.02757
v -0.21875 -0.33530 0.06969
v -0.26479 -0.33530 0.06969
vt 0.04688 0.04688
vt 0.20312 0.04688
vt 0.20312 0.20312
vt 0.04688 0.20312
vn 0 -1 0
f 2685/2685/672 2686/2686/672 2687/2687/672 2688/2688/672
v 0.09375 -0.08051 0.07607
v 0.13224 -0.08051 0.07607
v 0.13224 -0.00635 0.07607
v 0.09375 -0.00635 0.07607
vt 0.79688 0.29688
vt 0.95312 0.29688
vt 0.95312 0.45312
vt 0.79688 0.45312
vn 0 0 1
f 2689/2689/673 2690/2690/673 2691/2691/673 2692/2692/673
v 0.13224 -0.08051 0.00191
v 0.09375 -0.08051 0.00191
v 0.09375 -0.00635 0.00191
v 0.13224 -0.00635 0.00191
vt 0.79688 0.29688
vt 0.95312 0.29688
vt 0.95312 0.45312
vt 0.79688 0.45312
vn 0 0 -1
f 2693/2693/674 2694/2694/674 2695/2695/674 2696/2696/674
v 0.13224 -0.08051 0.07607
v 0.13224 -0.08051 0.00191
v 0.13224 -0.00635 0.00191
v 0.13224 -0.00635 0.07607
vt 0.79688 0.29688
vt 0.95312 0.29688
vt 0.95312 0.45312
vt 0.79688 0.45312
vn 1 0 0
f 2697/2697/675 2698/2698/675 2699/2699/675 2700/2700/675
v 0.09375 -0.08051 0.00191
v 0.09375 -0.08051 0.07607
v 0.09375 -0.00635 0.07607
v 0.09375 -0.00635 0.00191
vt 0.79688 0.29688
vt 0.95312 0.29688
vt 0.95312 0.45312
vt 0.79688 0.45312
vn -1 0 0
f 2701/2701/676 2702/2702/676 2703/2703/676 2704/2704/676
v 0.09375 -0.00635 0.07607
v 0.13224 -0.00635 0.07607
v 0.13224 -0.00635 0.00191
v 0.09375 -0.00635 0.00191
vt 0.79688 0.29688
vt 0.95312 0.29688
vt 0.95312 0.45312
vt 0.79688 0.45312
vn 0 1 0
f 2705/2705/677 2706/2706/677 2707/2707/677 2708/2708/677
v 0.09375 -0.08051 0.00191
v 0.13224 -0.08051 0.00191
v 0.13224 -0.08051 0.07607
v 0.09375 -0.08051 0.07607
vt 0.79688 0.29688
vt 0.95312 0.29688
vt 0.95312 0.45312
vt 0.79688 0.45312
vn 0 -1 0
f 2709/2709/678 2710/2710/678 2711/2711/678 2712/2712/678
v -0.05303 -0.28940 0.19350
v -0.00233 -0.28940 0.19350
v -0.00233 -0.23870 0.19350
v -0.05303 -0.23870 0.19350
vt 0.29688 0.29688
vt 0.45312 0.29688
vt 0.45312 0.45312
vt 0.29688 0.45312
vn 0 0 1
f 2713/2713/679 2714/2714/679 2715/2715/679 2716/2716/679
v -0.00233 -0.28940 0.15625
v -0.05303 -0.28940 0.15625
v -0.05303 -0.23870 0.15625
v -0.00233 -0.23870 0.15625
vt 0.29688 0.29688
vt 0.45312 0.29688
vt 0.45312 0.45312
vt 0.29688 0.45312
vn 0 0 -1
f 2717/2717/680 2718/2718/680 2719/2719/680 2720/2720/680
v -0.00233 -0.28940 0.19350
v -0.00233 -0.28940 0.15625
v -0.00233 -0.23870 0.15625
v -0.00233 -0.23870 0.19350
vt 0.29688 0.29688
vt 0.45312 0.29688
vt 0.45312 0.45312
vt 0.29688 0.45312
vn 1 0 0
f 2721/2721/681 2722/2722/681 2723/2723/681 2724/2724/681
v -0.05303 -0.28940 0.15625
v -0.05303 -0.28940 0.19350
v -0.05303 -0.23870 0.19350
v -0.05303 -0.23870 0.15625
vt 0.29688 0.29688
vt 0.45312 0.29688
vt 0.45312 0.45312
vt 0.29688 0.45312
vn -1 0 0
f 2725/2725/682 2726/2726/682 2727/2727/682 2728/2728/682
v -0.05303 -0.23870 0.19350
v -0.00233 -0.23870 0.19350
v -0.00233 -0.23870 0.15625
v -0.05303 -0.23870 0.15625
vt 0.29688 0.29688
vt 0.45312 0.29688
vt 0.45312 0.45312
vt 0.29688 0.45312
vn 0 1 0
f 2729/2729/683 2730/2730/683 2731/2731/683 2732/2732/683
v -0.05303 -0.28940 0.15625
v -0.00233 -0.28940 0.15625
v -0.00233 -0.28940 0.19350
v -0.05303 -0.28940 0.19350
vt 0.29688 0.29688
vt 0.45312 0.29688
vt 0.45312 0.45312
vt 0.29688 0.45312
vn 0 -1 0
f 2733/2733/684 2734/2734/684 2735/2735/684 2736/2736/684
v -0.25951 0.09613 -0.09058
v -0.21875 0.09613 -0.09058
v -0.21875 0.14877 -0.09058
v -0.25951 0.14877 -0.09058
vt 0.04688 0.04688
vt 0.20312 0.04688
vt 0.20312 0.20312
vt 0.04688 0.20312
vn 0 0 1
f 2737/2737/685 2738/2738/685 2739/2739/685 2740/2740/685
v -0.21875 0.09613 -0.14322
v -0.25951 0.09613 -0.14322
v -0.25951 0.14877 -0.14322
v -0.21875 0.14877 -0.14322
vt 0.04688 0.04688
vt 0.20312 0.04688
vt 0.20312 0.20312
vt 0.04688 0.20312
vn 0 0 -1
f 2741/2741/686 2742/2742/686 2743/2743/686 2744/2744/686
v -0.21875 0.09613 -0.09058
v -0.21875 0.09613 -0.14322
v -0.21875 0.14877 -0.14322
v -0.21875 0.14877 -0.09058
vt 0.04688 0.04688
vt 0.20312 0.04688
vt 0.20312 0.20312
vt 0.04688 0.20312
vn 1 0 0
f 2745/2745/687 2746/2746/687 2747/2747/687 2748/2748/687
v -0.25951 0.09613 -0.14322
v -0.25951 0.09613 -0.09058
v -0.25951 0.14877 -0.09058
v -0.25951 0.14877 -0.14322
vt 0.04688 0.04688
vt 0.20312 0.04688
vt 0.20312 0.20312
vt 0.04688 0.20312
vn -1 0 0
f 2749/2749/688 2750/2750/688 2751/2751/688 2752/2752/688
v -0.25951 0.14877 -0.09058
v -0.21875 0.14877 -0.09058
v -0.21875 0.14877 -0.14322
v -0.25951 0.14877 -0.14322
vt 0.04688 0.04688
vt 0.20312 0.04688
vt 0.20312 0.20312
vt 0.04688 0.20312
vn 0 1 0
f 2753/2753/689 2754/2754/689 2755/2755/689 2756/2756/689
v -0.25951 0.09613 -0.14322
v -0.21875 0.09613 -0.14322
v -0.21875 0.09613 -0.09058
v -0.25951 0.09613 -0.09058
vt 0.04688 0.04688
vt 0.20312 0.04688
vt 0.20312 0.20312
vt 0.04688 0.20312
vn 0 -1 0
f 2757/2757/690 2758/2758/690 2759/2759/690 2760/2760/690
v 0.09375 -0.39562 0.08355
v 0.16403 -0.39562 0.08355
v 0.16403 -0.34194 0.08355
v 0.09375 -0.34194 0.08355
vt 0.04688 0.04688
vt 0.20312 0.04688
vt 0.20312 0.20312
vt 0.04688 0.20312
vn 0 0 1
f 2761/2761/691 2762/2762/691 2763/2763/691 2764/2764/691
v 0.16403 -0.39562 0.02988
v 0.09375 -0.39562 0.02988
v 0.09375 -0.34194 0.02988
v 0.16403 -0.34194 0.02988
vt 0.04688 0.04688
vt 0.20312 0.04688
vt 0.20312 0.20312
vt 0.04688 0.20312
vn 0 0 -1
f 2765/2765/692 2766/2766/692 2767/2767/692 2768/2768/692
v 0.16403 -0.39562 0.08355
v 0.16403 -0.39562 0.02988
v 0.16403 -0.34194 0.02988
v 0.16403 -0.34194 0.08355
vt 0.04688 0.04688
vt 0.20312 0.04688
vt 0.20312 0.20312
vt 0.04688 0.20312
vn 1 0 0
f 2769/2769/693 2770/2770/693 2771/2771/693 2772/2772/693
v 0.09375 -0.39562 0.02988
v 0.09375 -0.39562 0.08355
v 0.09375 -0.34194 0.08355
v 0.09375 -0.34194 0.02988
vt 0.04688 0.04688
vt 0.20312 0.04688
vt 0.20312 0.20312
vt 0.04688 0.20312
vn -1 0 0
f 2773/2773/694 2774/2774/694 2775/2775/694 2776/2776/694
v 0.09375 -0.34194 0.08355
v 0.16403 -0.34194 0.08355
v 0.16403 -0.34194 0.02988
v 0.09375 -0.34194 0.02988
vt 0.04688 0.04688
vt 0.20312 0.04688
vt 0.20312 0.20312
vt 0.04688 0.20312
vn 0 1 0
f 2777/2777/695 2778/2778/695 2779/2779/695 2780/2780/695
v 0.09375 -0.39562 0.02988
v 0.16403 -0.39562 0.02988
v 0.16403 -0.39562 0.08355
v 0.09375 -0.39562 0.08355
vt 0.04688 0.04688
vt 0.20312 0.04688
vt 0.20312 0.20312
vt 0.04688 0.20312
vn 0 -1 0
f 2781/2781/696 2782/2782/696 2783/2783/696 2784/2784/696
v -0.18118 0.07729 -0.15625
v -0.12891 0.07729 -0.15625
v -0.12891 0.12956 -0.15625
v -0.18118 0.12956 -0.15625
vt 0.04688 0.04688
vt 0.20312 0.04688
vt 0.20312 0.20312
vt 0.04688 0.20312
vn 0 0 1
f 2785/2785/697 2786/2786/697 2787/2787/697 2788/2788/697
v -0.12891 0.07729 -0.18617
v -0.18118 0.07729 -0.18617
v -0.18118 0.12956 -0.18617
v -0.12891 0.12956 -0.18617
vt 0.04688 0.04688
vt 0.20312 0.04688
vt 0.20312 0.20312
vt 0.04688 0.20312
vn 0 0 -1
f 2789/2789/698 2790/2790/698 2791/2791/698 2792/2792/698
v -0.12891 0.07729 -0.15625
v -0.12891 0.07729 -0.18617
v -0.12891 0.12956 -0.18617
v -0.12891 0.12956 -0.15625
vt 0.04688 0.04688
vt 0.20312 0.04688
vt 0.20312 0.20312
vt 0.04688 0.20312
vn 1 0 0
f 2793/2793/699 2794/2794/699 2795/2795/699 2796/2796/699
v -0.18118 0.07729 -0.18617
v -0.18118 0.07729 -0.15625
v -0.18118 0.12956 -0.15625
v -0.18118 0.12956 -0.18617
vt 0.04688 0.04688
vt 0.20312 0.04688
vt 0.20312 0.20312
vt 0.04688 0.20312
vn -1 0 0
f 2797/2797/700 2798/2798/700 2799/2799/700 2800/2800/700
v -0.18118 0.12956 -0.15625
v -0.12891 0.12956 -0.15625
v -0.12891 0.12956 -0.18617
v -0.18118 0.12956 -0.18617
vt 0.04688 0.04688
vt 0.20312 0.04688
vt 0.20312 0.20312
vt 0.04688 0.20312
vn 0 1 0
f 2801/2801/701 2802/2802/701 2803/2803/701 2804/2804/701
v -0.18118 0.07729 -0.18617
v -0.12891 0.07729 -0.18617
v -0.12891 0.07729 -0.15625
v -0.18118 0.07729 -0.15625
vt 0.04688 0.04688
vt 0.20312 0.04688
vt 0.20312 0.20312
vt 0.04688 0.20312
vn 0 -1 0
f 2805/2805/702 2806/2806/702 2807/2807/702 2808/2808/702
v -0.11288 -0.43245 -0.15625
v -0.03270 -0.43245 -0.15625
v -0.03270 -0.35227 -0.15625
v -0.11288 -0.35227 -0.15625
vt 0.04688 0.04688
vt 0.20312 0.04688
vt 0.20312 0.20312
vt 0.04688 0.20312
vn 0 0 1
f 2809/2809/703 2810/2810/703 2811/2811/703 2812/2812/703
v -0.03270 -0.43245 -0.18700
v -0.11288 -0.43245 -0.18700
v -0.11288 -0.35227 -0.18700
v -0.03270 -0.35227 -0.18700
vt 0.04688 0.04688
vt 0.20312 0.04688
vt 0.20312 0.20312
vt 0.04688 0.20312
vn 0 0 -1
f 2813/2813/704 2814/2814/704 2815/2815/704 2816/2816/704
v -0.03270 -0.43245 -0.15625
v -0.03270 -0.43245 -0.18700
v -0.03270 -0.35227 -0.18700
v -0.03270 -0.35227 -0.15625
vt 0.04688 0.04688
vt 0.20312 0.04688
vt 0.20312 0.20312
vt 0.04688 0.20312
vn 1 0 0
f 2817/2817/705 2818/2818/705 2819/2819/705 2820/2820/705
v -0.11288 -0.43245 -0.18700
v -0.11288 -0.43245 -0.15625
v -0.11288 -0.35227 -0.15625
v -0.11288 -0.35227 -0.18700
vt 0.04688 0.04688
vt 0.20312 0.04688
vt 0.20312 0.20312
vt 0.04688 0.20312
vn -1 0 0
f 2821/2821/706 2822/2822/706 2823/2823/706 2824/2824/706
v -0.11288 -0.35227 -0.15625
v -0.03270 -0.35227 -0.15625
v -0.03270 -0.35227 -0.18700
v -0.11288 -0.35227 -0.18700
vt 0.04688 0.04688
vt 0.20312 0.04688
vt 0.20312 0.20312
vt 0.04688 0.20312
vn 0 1 0
f 2825/2825/707 2826/2826/707 2827/2827/707 2828/2828/707
v -0.11288 -0.43245 -0.18700
v -0.03270 -0.43245 -0.18700
v -0.03270 -0.43245 -0.15625
v -0.11288 -0.43245 -0.15625
vt 0.04688 0.04688
vt 0.20312 0.04688
vt 0.20312 0.20312
vt 0.04688 0.20312
vn 0 -1 0
f 2829/2829/708 2830/2830/708 2831/2831/708 2832/2832/708
o left_arm
v -0.09375 -0.56250 0.15625
v 0.21875 -0.56250 0.15625
v 0.21875 0.15625 0.15625
v -0.09375 0.15625 0.15625
vt 0.29688 0.29688
vt 0.45312 0.29688
vt 0.45312 0.45312
vt 0.29688 0.45312
vn 0 0 1
f 2833/2833/709 2834/2834/709 2835/2835/709 2836/2836/709
v 0.21875 -0.56250 -0.15625
v -0.09375 -0.56250 -0.15625
v -0.09375 0.15625 -0.15625
v 0.21875 0.15625 -0.15625
vt 0.29688 0.29688
vt 0.45312 0.29688
vt 0.45312 0.45312
vt 0.29688 0.45312
vn 0 0 -1
f 2837/2837/710 2838/2838/710 2839/2839/710 2840/2840/710
v 0.21875 -0.56250 0.15625
v 0.21875 -0.56250 -0.15625
v 0.21875 0.15625 -0.15625
v 0.21875 0.15625 0.15625
vt 0.29688 0.29688
vt 0.45312 0.29688
vt 0.45312 0.45312
vt 0.29688 0.45312
vn 1 0 0
f 2841/2841/711 2842/2842/711 2843/2843/711 2844/2844/711
v -0.09375 -0.56250 -0.15625
v -0.09375 -0.56250 0.15625
v -0.09375 0.15625 0.15625
v -0.09375 0.15625 -0.15625
vt 0.29688 0.29688
vt 0.45312 0.29688
vt 0.45312 0.45312
vt 0.29688 0.45312
vn -1 0 0
f 2845/2845/712 2846/2846/712 2847/2847/712 2848/2848/712
v -0.09375 0.15625 0.15625
v 0.21875 0.15625 0.15625
v 0.21875 0.15625 -0.15625
v -0.09375 0.15625 -0.15625
vt 0.29688 0.29688
vt 0.45312 0.29688
vt 0.45312 0.45312
vt 0.29688 0.45312
vn 0 1 0
f 2849/2849/713 2850/2850/713 2851/2851/713 2852/2852/713
v -0.09375 -0.56250 -0.15625
v 0.21875 -0.56250 -0.15625
v 0.21875 -0.56250 0.15625
v -0.09375 -0.56250 0.15625
vt 0.29688 0.29688
vt 0.45312 0.29688
vt 0.45312 0.45312
vt 0.29688 0.45312
vn 0 -1 0
f 2853/2853/714 2854/2854/714 2855/2855/714 2856/2856/714
v 0.01460 -0.12776 0.18899
v 0.08244 -0.12776 0.18899
v 0.08244 -0.05992 0.18899
v 0.01460 -0.05992 0.18899
vt 0.79688 0.29688
vt 0.95312 0.29688
vt 0.95312 0.45312
vt 0.79688 0.45312
vn 0 0 1
f 2857/2857/715 2858/2858/715 2859/2859/715 2860/2860/715
v 0.08244 -0.12776 0.15625
v 0.01460 -0.12776 0.15625
v 0.01460 -0.05992 0.15625
v 0.08244 -0.05992 0.15625
vt 0.79688 0.29688
vt 0.95312 0.29688
vt 0.95312 0.45312
vt 0.79688 0.45312
vn 0 0 -1
f 2861/2861/716 2862/2862/716 2863/2863/716 2864/2864/716
v 0.08244 -0.12776 0.18899
v 0.08244 -0.12776 0.15625
v 0.08244 -0.05992 0.15625
v 0.08244 -0.05992 0.18899
vt 0.79688 0.29688
vt 0.95312 0.29688
vt 0.95312 0.45312
vt 0.79688 0.45312
vn 1 0 0
f 2865/2865/717 2866/2866/717 2867/2867/717 2868/2868/717
v 0.01460 -0.12776 0.15625
v 0.01460 -0.12776 0.18899
v 0.01460 -0.05992 0.18899
v 0.01460 -0.05992 0.15625
vt 0.79688 0.29688
vt 0.95312 0.29688
vt 0.95312 0.45312
vt 0.79688 0.45312
vn -1 0 0
f 2869/2869/718 2870/2870/718 2871/2871/718 2872/2872/718
v 0.01460 -0.05992 0.18899
v 0.08244 -0.05992 0.18899
v 0.08244 -0.05992 0.15625
v 0.01460 -0.05992 0.15625
vt 0.79688 0.29688
vt 0.95312 0.29688
vt 0.95312 0.45312
vt 0.79688 0.45312
vn 0 1 0
f 2873/2873/719 2874/2874/719 2875/2875/719 2876/2876/719
v 0.01460 -0.12776 0.15625
v 0.08244 -0.12776 0.15625
v 0.08244 -0.12776 0.18899
v 0.01460 -0.12776 0.18899
vt 0.79688 0.29688
vt 0.95312 0.29688
vt 0.95312 0.45312
vt 0.79688 0.45312
vn 0 -1 0
f 2877/2877/720 2878/2878/720 2879/2879/720 2880/2880/720
v -0.15073 -0.08739 0.00842
v -0.09375 -0.08739 0.00842
v -0.09375 -0.00734 0.00842
v -0.15073 -0.00734 0.00842
vt 0.04688 0.04688
vt 0.20312 0.04688
vt 0.20312 0.20312
vt 0.04688 0.20312
vn 0 0 1
f 2881/2881/721 2882/2882/721 2883/2883/721 2884/2884/721
v -0.09375 -0.08739 -0.07163
v -0.15073 -0.08739 -0.07163
v -0.15073 -0.00734 -0.07163
v -0.09375 -0.00734 -0.07163
vt 0.04688 0.04688
vt 0.20312 0.04688
vt 0.20312 0.20312
vt 0.04688 0.20312
vn 0 0 -1
f 2885/2885/722 2886/2886/722 2887/2887/722 2888/2888/722
v -0.09375 -0.08739 0.00842
v -0.09375 -0.08739 -0.07163
v -0.09375 -0.00734 -0.07163
v -0.09375 -0.00734 0.00842
vt 0.04688 0.04688
vt 0.20312 0.04688
vt 0.20312 0.20312
vt 0.04688 0.20312
vn 1 0 0
f 2889/2889/723 2890/2890/723 2891/2891/723 2892/2892/723
v -0.15073 -0.08739 -0.07163
v -0.15073 -0.08739 0.00842
v -0.15073 -0.00734 0.00842
v -0.15073 -0.00734 -0.07163
vt 0.04688 0.04688
vt 0.20312 0.04688
vt 0.20312 0.20312
vt 0.04688 0.20312
vn -1 0 0
f 2893/2893/724 2894/2894/724 2895/2895/724 2896/2896/724
v -0.15073 -0.00734 0.00842
v -0.09375 -0.00734 0.00842
v -0.09375 -0.00734 -0.07163
v -0.15073 -0.00734 -0.07163
vt 0.04688 0.04688
vt 0.20312 0.04688
vt 0.20312 0.20312
vt 0.04688 0.20312
vn 0 1 0
f 2897/2897/725 2898/2898/725 2899/2899/725 2900/2900/725
v -0.15073 -0.08739 -0.07163
v -0.09375 -0.08739 -0.07163
v -0.09375 -0.08739 0.00842
v -0.15073 -0.08739 0.00842
vt 0.04688 0.04688
vt 0.20312 0.04688
vt 0.20312 0.20312
vt 0.04688 0.20312
vn 0 -1 0
f 2901/2901/726 2902/2902/726 2903/2903/726 2904/2904/726
v 0.00962 -0.25011 -0.15625
v 0.10726 -0.25011 -0.15625
v 0.10726 -0.15248 -0.15625
v 0.00962 -0.15248 -0.15625
vt 0.54688 0.29688
vt 0.70312 0.29688
vt 0.70312 0.45312
vt 0.54688 0.45312
vn 0 0 1
f 2905/2905/727 2906/2906/727 2907/2907/727 2908/2908/727
v 0.10726 -0.25011 -0.21796
v 0.00962 -0.25011 -0.21796
v 0.00962 -0.15248 -0.21796
v 0.10726 -0.15248 -0.21796
vt 0.54688 0.29688
vt 0.70312 0.29688
vt 0.70312 0.45312
vt 0.54688 0.45312
vn 0 0 -1
f 2909/2909/728 2910/2910/728 2911/2911/728 2912/2912/728
v 0.10726 -0.25011 -0.15625
v 0.10726 -0.25011 -0.21796
v 0.10726 -0.15248 -0.21796
v 0.10726 -0.15248 -0.15625
vt 0.54688 0.29688
vt 0.70312 0.29688
vt 0.70312 0.45312
vt 0.54688 0.45312
vn 1 0 0
f 2913/2913/729 2914/2914/729 2915/2915/729 2916/2916/729
v 0.00962 -0.25011 -0.21796
v 0.00962 -0.25011 -0.15625
v 0.00962 -0.15248 -0.15625
v 0.00962 -0.15248 -0.21796
vt 0.54688 0.29688
vt 0.70312 0.29688
vt 0.70312 0.45312
vt 0.54688 0.45312
vn -1 0 0
f 2917/2917/730 2918/2918/730 2919/2919/730 2920/2920/730
v 0.00962 -0.15248 -0.15625
v 0.10726 -0.15248 -0.15625
v 0.10726 -0.15248 -0.21796
v 0.00962 -0.15248 -0.21796
vt 0.54688 0.29688
vt 0.70312 0.29688
vt 0.70312 0.45312
vt 0.54688 0.45312
vn 0 1 0
f 2921/2921/731 2922/2922/731 2923/2923/731 2924/2924/731
v 0.00962 -0.25011 -0.21796
v 0.10726 -0.25011 -0.21796
v 0.10726 -0.25011 -0.15625
v 0.00962 -0.25011 -0.15625
vt 0.54688 0.29688
vt 0.70312 0.29688
vt 0.70312 0.45312
vt 0.54688 0.45312
vn 0 -1 0
f 2925/2925/732 2926/2926/732 2927/2927/732 2928/2928/732
v 0.21875 -0.17860 -0.00569
v 0.27500 -0.17860 -0.00569
v 0.27500 -0.08939 -0.00569
v 0.21875 -0.08939 -0.00569
vt 0.79688 0.29688
vt 0.95312 0.29688
vt 0.95312 0.45312
vt 0.79688 0.45312
vn 0 0 1
f 2929/2929/733 2930/2930/733 2931/2931/733 2932/2932/733
v 0.27500 -0.17860 -0.09490
v 0.21875 -0.17860 -0.09490
v 0.21875 -0.08939 -0.09490
v 0.27500 -0.08939 -0.09490
vt 0.79688 0.29688
vt 0.95312 0.29688
vt 0.95312 0.45312
vt 0.79688 0.45312
vn 0 0 -1
f 2933/2933/734 2934/2934/734 2935/2935/734 2936/2936/734
v 0.27500 -0.17860 -0.00569
v 0.27500 -0.17860 -0.09490
v 0.27500 -0.08939 -0.09490
v 0.27500 -0.08939 -0.00569
vt 0.79688 0.29688
vt 0.95312 0.29688
vt 0.95312 0.45312
vt 0.79688 0.45312
vn 1 0 0
f 2937/2937/735 2938/2938/735 2939/2939/735 2940/2940/735
v 0.21875 -0.17860 -0.09490
v 0.21875 -0.17860 -0.00569
v 0.21875 -0.08939 -0.00569
v 0.21875 -0.08939 -0.09490
vt 0.79688 0.29688
vt 0.95312 0.29688
vt 0.95312 0.45312
vt 0.79688 0.45312
vn -1 0 0
f 2941/2941/736 2942/2942/736 2943/2943/736 2944/2944/736
v 0.21875 -0.08939 -0.00569
v 0.27500 -0.08939 -0.00569
v 0.27500 -0.08939 -0.09490
v 0.21875 -0.08939 -0.09490
vt 0.79688 0.29688
vt 0.95312 0.29688
vt 0.95312 0.45312
vt 0.79688 0.45312
vn 0 1 0
f 2945/2945/737 2946/2946/737 2947/2947/737 2948/2948/737
v 0.21875 -0.17860 -0.09490
v 0.27500 -0.17860 -0.09490
v 0.27500 -0.17860 -0.00569
v 0.21875 -0.17860 -0.00569
vt 0.79688 0.29688
vt 0.95312 0.29688
vt 0.95312 0.45312
vt 0.79688 0.45312
vn 0 -1 0
f 2949/2949/738 2950/2950/738 2951/2951/738 2952/2952/738
v 0.07767 0.15625 -0.02811
v 0.16263 0.15625 -0.02811
v 0.16263 0.17695 -0.02811
v 0.07767 0.17695 -0.02811
vt 0.79688 0.29688
vt 0.95312 0.29688
vt 0.95312 0.45312
vt 0.79688 0.45312
vn 0 0 1
f 2953/2953/739 2954/2954/739 2955/2955/739 2956/2956/739
v 0.16263 0.15625 -0.11306
v 0.07767 0.15625 -0.11306
v 0.07767 0.17695 -0.11306
v 0.16263 0.17695 -0.11306
vt 0.79688 0.29688
vt 0.95312 0.29688
vt 0.95312 0.45312
vt 0.79688 0.45312
vn 0 0 -1
f 2957/2957/740 2958/2958/740 2959/2959/740 2960/2960/740
v 0.16263 0.15625 -0.02811
v 0.16263 0.15625 -0.11306
v 0.16263 0.17695 -0.11306
v 0.16263 0.17695 -0.02811
vt 0.79688 0.29688
vt 0.95312 0.29688
vt 0.95312 0.45312
vt 0.79688 0.45312
vn 1 0 0
f 2961/2961/741 2962/2962/741 2963/2963/741 2964/2964/741
v 0.07767 0.15625 -0.11306
v 0.07767 0.15625 -0.02811
v 0.07767 0.17695 -0.02811
v 0.07767 0.17695 -0.11306
vt 0.79688 0.29688
vt 0.95312 0.29688
vt 0.95312 0.45312
vt 0.79688 0.45312
vn -1 0 0
f 2965/2965/742 2966/2966/742 2967/2967/742 2968/2968/742
v 0.07767 0.17695 -0.02811
v 0.16263 0.17695 -0.02811
v 0.16263 0.17695 -0.11306
v 0.07767 0.17695 -0.11306
vt 0.79688 0.29688
vt 0.95312 0.29688
vt 0.95312 0.45312
vt 0.79688 0.45312
vn 0 1 0
f 2969/2969/743 2970/2970/743 2971/2971/743 2972/2972/743
v 0.07767 0.15625 -0.11306
v 0.16263 0.15625 -0.11306
v 0.16263 0.15625 -0.02811
v 0.07767 0.15625 -0.02811
vt 0.79688 0.29688
vt 0.95312 0.29688
vt 0.95312 0.45312
vt 0.79688 0.45312
vn 0 -1 0
f 2973/2973/744 2974/2974/744 2975/2975/744 2976/2976/744
v 0.11486 -0.53707 -0.15625
v 0.18997 -0.53707 -0.15625
v 0.18997 -0.46196 -0.15625
v 0.11486 -0.46196 -0.15625
vt 0.54688 0.29688
vt 0.70312 0.29688
vt 0.70312 0.45312
vt 0.54688 0.45312
vn 0 0 1
f 2977/2977/745 2978/2978/745 2979/2979/745 2980/2980/745
v 0.18997 -0.53707 -0.21390
v 0.11486 -0.53707 -0.21390
v 0.11486 -0.46196 -0.21390
v 0.18997 -0.46196 -0.21390
vt 0.54688 0.29688
vt 0.70312 0.29688
vt 0.70312 0.45312
vt 0.54688 0.45312
vn 0 0 -1
f 2981/2981/746 2982/2982/746 2983/2983/746 2984/2984/746
v 0.18997 -0.53707 -0.15625
v 0.18997 -0.53707 -0.21390
v 0.18997 -0.46196 -0.21390
v 0.18997 -0.46196 -0.15625
vt 0.54688 0.29688
vt 0.70312 0.29688
vt 0.70312 0.45312
vt 0.54688 0.45312
vn 1 0 0
f 2985/2985/747 2986/2986/747 2987/2987/747 2988/2988/747
v 0.11486 -0.53707 -0.21390
v 0.11486 -0.53707 -0.15625
v 0.11486 -0.46196 -0.15625
v 0.11486 -0.46196 -0.21390
vt 0.54688 0.29688
vt 0.70312 0.29688
vt 0.70312 0.45312
vt 0.54688 0.45312
vn -1 0 0
f 2989/2989/748 2990/2990/748 2991/2991/748 2992/2992/748
v 0.11486 -0.46196 -0.15625
v 0.18997 -0.46196 -0.15625
v 0.18997 -0.46196 -0.21390
v 0.11486 -0.46196 -0.21390
vt 0.54688 0.29688
vt 0.70312 0.29688
vt 0.70312 0.45312
vt 0.54688 0.45312
vn 0 1 0
f 2993/2993/749 2994/2994/749 2995/2995/749 2996/2996/749
v 0.11486 -0.53707 -0.21390
v 0.18997 -0.53707 -0.21390
v 0.18997 -0.53707 -0.15625
v 0.11486 -0.53707 -0.15625
vt 0.54688 0.29688
vt 0.70312 0.29688
vt 0.70312 0.45312
vt 0.54688 0.45312
vn 0 -1 0
f 2997/2997/750 2998/2998/750 2999/2999/750 3000/3000/750
v 0.06958 -0.49402 0.19423
v 0.12006 -0.49402 0.19423
v 0.12006 -0.44355 0.19423
v 0.06958 -0.44355 0.19423
vt 0.29688 0.29688
vt 0.45312 0.29688
vt 0.45312 0.45312
vt 0.29688 0.45312
vn 0 0 1
f 3001/3001/751 3002/3002/751 3003/3003/751 3004/3004/751
v 0.12006 -0.49402 0.15625
v 0.06958 -0.49402 0.15625
v 0.06958 -0.44355 0.15625
v 0.12006 -0.44355 0.15625
vt 0.29688 0.29688
vt 0.45312 0.29688
vt 0.45312 0.45312
vt 0.29688 0.45312
vn 0 0 -1
f 3005/3005/752 3006/3006/752 3007/3007/752 3008/3008/752
v 0.12006 -0.49402 0.19423
v 0.12006 -0.49402 0.15625
v 0.12006 -0.44355 0.15625
v 0.12006 -0.44355 0.19423
vt 0.29688 0.29688
vt 0.45312 0.29688
vt 0.45312 0.45312
vt 0.29688 0.45312
vn 1 0 0
f 3009/3009/753 3010/3010/753 3011/3011/753 3012/3012/753
v 0.06958 -0.49402 0.15625
v 0.06958 -0.49402 0.19423
v 0.06958 -0.44355 0.19423
v 0.06958 -0.44355 0.15625
vt 0.29688 0.29688
vt 0.45312 0.29688
vt 0.45312 0.45312
vt 0.29688 0.45312
vn -1 0 0
f 3013/3013/754 3014/3014/754 3015/3015/754 3016/3016/754
v 0.06958 -0.44355 0.19423
v 0.12006 -0.44355 0.19423
v 0.12006 -0.44355 0.15625
v 0.06958 -0.44355 0.15625
vt 0.29688 0.29688
vt 0.45312 0.29688
vt 0.45312 0.45312
vt 0.29688 0.45312
vn 0 1 0
f 3017/3017/755 3018/3018/755 3019/3019/755 3020/3020/755
v 0.06958 -0.49402 0.15625
v 0.12006 -0.49402 0.15625
v 0.12006 -0.49402 0.19423
v 0.06958 -0.49402 0.19423
vt 0.29688 0.29688
vt 0.45312 0.29688
vt 0.45312 0.45312
vt 0.29688 0.45312
vn 0 -1 0
f 3021/3021/756 3022/3022/756 3023/3023/756 3024/3024/756
v 0.04313 0.15625 0.06455
v 0.10704 0.15625 0.06455
v 0.10704 0.19392 0.06455
v 0.04313 0.19392 0.06455
vt 0.54688 0.29688
vt 0.70312 0.29688
vt 0.70312 0.45312
vt 0.54688 0.45312
vn 0 0 1
f 3025/3025/757 3026/3026/757 3027/3027/757 3028/3028/757
v 0.10704 0.15625 0.00063
v 0.04313 0.15625 0.00063
v 0.04313 0.19392 0.00063
v 0.10704 0.19392 0.00063
vt 0.54688 0.29688
vt 0.70312 0.29688
vt 0.70312 0.45312
vt 0.54688 0.45312
vn 0 0 -1
f 3029/3029/758 3030/3030/758 3031/3031/758 3032/3032/758
v 0.10704 0.15625 0.06455
v 0.10704 0.15625 0.00063
v 0.10704 0.19392 0.00063
v 0.10704 0.19392 0.06455
vt 0.54688 0.29688
vt 0.70312 0.29688
vt 0.70312 0.45312
vt 0.54688 0.45312
vn 1 0 0
f 3033/3033/759 3034/3034/759 3035/3035/759 3036/3036/759
v 0.04313 0.15625 0.00063
v 0.04313 0.15625 0.06455
v 0.04313 0.19392 0.06455
v 0.04313 0.19392 0.00063
vt 0.54688 0.29688
vt 0.70312 0.29688
vt 0.70312 0.45312
vt 0.54688 0.45312
vn -1 0 0
f 3037/3037/760 3038/3038/760 3039/3039/760 3040/3040/760
v 0.04313 0.19392 0.06455
v 0.10704 0.19392 0.06455
v 0.10704 0.19392 0.00063
v 0.04313 0.19392 0.00063
vt 0.54688 0.29688
vt 0.70312 0.29688
vt 0.70312 0.45312
vt 0.54688 0.45312
vn 0 1 0
f 3041/3041/761 3042/3042/761 3043/3043/761 3044/3044/761
v 0.04313 0.15625 0.00063
v 0.10704 0.15625 0.00063
v 0.10704 0.15625 0.06455
v 0.04313 0.15625 0.06455
vt 0.54688 0.29688
vt 0.70312 0.29688
vt 0.70312 0.45312
vt 0.54688 0.45312
vn 0 -1 0
f 3045/3045/762 3046/3046/762 3047/3047/762 3048/3048/762
v 0.21875 -0.08242 -0.00015
v 0.26145 -0.08242 -0.00015
v 0.26145 -0.00822 -0.00015
v 0.21875 -0.00822 -0.00015
vt 0.79688 0.29688
vt 0.95312 0.29688
vt 0.95312 0.45312
vt 0.79688 0.45312
vn 0 0 1
f 3049/3049/763 3050/3050/763 3051/3051/763 3052/3052/763
v 0.26145 -0.08242 -0.07435
v 0.21875 -0.08242 -0.07435
v 0.21875 -0.00822 -0.07435
v 0.26145 -0.00822 -0.07435
vt 0.79688 0.29688
vt 0.95312 0.29688
vt 0.95312 0.45312
vt 0.79688 0.45312
vn 0 0 -1
f 3053/3053/764 3054/3054/764 3055/3055/764 3056/3056/764
v 0.26145 -0.08242 -0.00015
v 0.26145 -0.08242 -0.07435
v 0.26145 -0.00822 -0.07435
v 0.26145 -0.00822 -0.00015
vt 0.79688 0.29688
vt 0.95312 0.29688
vt 0.95312 0.45312
vt 0.79688 0.45312
vn 1 0 0
f 3057/3057/765 3058/3058/765 3059/3059/765 3060/3060/765
v 0.21875 -0.08242 -0.07435
v 0.21875 -0.08242 -0.00015
v 0.21875 -0.00822 -0.00015
v 0.21875 -0.00822 -0.07435
vt 0.79688 0.29688
vt 0.95312 0.29688
vt 0.95312 0.45312
vt 0.79688 0.45312
vn -1 0 0
f 3061/3061/766 3062/3062/766 3063/3063/766 3064/3064/766
v 0.21875 -0.00822 -0.00015
v 0.26145 -0.00822 -0.00015
v 0.26145 -0.00822 -0.07435
v 0.21875 -0.00822 -0.07435
vt 0.79688 0.29688
vt 0.95312 0.29688
vt 0.95312 0.45312
vt 0.79688 0.45312
vn 0 1 0
f 3065/3065/767 3066/3066/767 3067/3067/767 3068/3068/767
v 0.21875 -0.08242 -0.07435
v 0.26145 -0.08242 -0.07435
v 0.26145 -0.08242 -0.00015
v 0.21875 -0.08242 -0.00015
vt 0.79688 0.29688
vt 0.95312 0.29688
vt 0.95312 0.45312
vt 0.79688 0.45312
vn 0 -1 0
f 3069/3069/768 3070/3070/768 3071/3071/768 3072/3072/768
v 0.00507 -0.09271 0.20362
v 0.09518 -0.09271 0.20362
v 0.09518 -0.00259 0.20362
v 0.00507 -0.00259 0.20362
vt 0.54688 0.29688
vt 0.70312 0.29688
vt 0.70312 0.45312
vt 0.54688 0.45312
vn 0 0 1
f 3073/3073/769 3074/3074/769 3075/3075/769 3076/3076/769
v 0.09518 -0.09271 0.15625
v 0.00507 -0.09271 0.15625
v 0.00507 -0.00259 0.15625
v 0.09518 -0.00259 0.15625
vt 0.54688 0.29688
vt 0.70312 0.29688
vt 0.70312 0.45312
vt 0.54688 0.45312
vn 0 0 -1
f 3077/3077/770 3078/3078/770 3079/3079/770 3080/3080/770
v 0.09518 -0.09271 0.20362
v 0.09518 -0.09271 0.15625
v 0.09518 -0.00259 0.15625
v 0.09518 -0.00259 0.20362
vt 0.54688 0.29688
vt 0.70312 0.29688
vt 0.70312 0.45312
vt 0.54688 0.45312
vn 1 0 0
f 3081/3081/771 3082/3082/771 3083/3083/771 3084/3084/771
v 0.00507 -0.09271 0.15625
v 0.00507 -0.09271 0.20362
v 0.00507 -0.00259 0.20362
v 0.00507 -0.00259 0.15625
vt 0.54688 0.29688
vt 0.70312 0.29688
vt 0.70312 0.45312
vt 0.54688 0.45312
vn -1 0 0
f 3085/3085/772 3086/3086/772 3087/3087/772 3088/3088/772
v 0.00507 -0.00259 0.20362
v 0.09518 -0.00259 0.20362
v 0.09518 -0.00259 0.15625
v 0.00507 -0.00259 0.15625
vt 0.54688 0.29688
vt 0.70312 0.29688
vt 0.70312 0.45312
vt 0.54688 0.45312
vn 0 1 0
f 3089/3089/773 3090/3090/773 3091/3091/773 3092/3092/773
v 0.00507 -0.09271 0.15625
v 0.09518 -0.09271 0.15625
v 0.09518 -0.09271 0.20362
v 0.00507 -0.09271 0.20362
vt 0.54688 0.29688
vt 0.70312 0.29688
vt 0.70312 0.45312
vt 0.54688 0.45312
vn 0 -1 0
f 3093/3093/774 3094/3094/774 3095/3095/774 3096/3096/774
v -0.13720 -0.08566 -0.00118
v -0.09375 -0.08566 -0.00118
v -0.09375 0.00483 -0.00118
v -0.13720 0.00483 -0.00118
vt 0.79688 0.29688
vt 0.95312 0.29688
vt 0.95312 0.45312
vt 0.79688 0.45312
vn 0 0 1
f 3097/3097/775 3098/3098/775 3099/3099/775 3100/3100/775
v -0.09375 -0.08566 -0.09167
v -0.13720 -0.08566 -0.09167
v -0.13720 0.00483 -0.09167
v -0.09375 0.00483 -0.09167
vt 0.79688 0.29688
vt 0.95312 0.29688
vt 0.95312 0.45312
vt 0.79688 0.45312
vn 0 0 -1
f 3101/3101/776 3102/3102/776 3103/3103/776 3104/3104/776
v -0.09375 -0.08566 -0.00118
v -0.09375 -0.08566 -0.09167
v -0.09375 0.00483 -0.09167
v -0.09375 0.00483 -0.00118
vt 0.79688 0.29688
vt 0.95312 0.29688
vt 0.95312 0.45312
vt 0.79688 0.45312
vn 1 0 0
f 3105/3105/777 3106/3106/777 3107/3107/777 3108/3108/777
v -0.13720 -0.08566 -0.09167
v -0.13720 -0.08566 -0.00118
v -0.13720 0.00483 -0.00118
v -0.13720 0.00483 -0.09167
vt 0.79688 0.29688
vt 0.95312 0.29688
vt 0.95312 0.45312
vt 0.79688 0.45312
vn -1 0 0
f 3109/3109/778 3110/3110/778 3111/3111/778 3112/3112/778
v -0.13720 0.00483 -0.00118
v -0.09375 0.00483 -0.00118
v -0.09375 0.00483 -0.09167
v -0.13720 0.00483 -0.09167
vt 0.79688 0.29688
vt 0.95312 0.29688
vt 0.95312 0.45312
vt 0.79688 0.45312
vn 0 1 0
f 3113/3113/779 3114/3114/779 3115/3115/779 3116/3116/779
v -0.13720 -0.08566 -0.09167
v -0.09375 -0.08566 -0.09167
v -0.09375 -0.08566 -0.00118
v -0.13720 -0.08566 -0.00118
vt 0.79688 0.29688
vt 0.95312 0.29688
vt 0.95312 0.45312
vt 0.79688 0.45312
vn 0 -1 0
f 3117/3117/780 3118/3118/780 3119/3119/780 3120/3120/780
v 0.01765 -0.35265 -0.15625
v 0.08903 -0.35265 -0.15625
v 0.08903 -0.28127 -0.15625
v 0.01765 -0.28127 -0.15625
vt 0.29688 0.29688
vt 0.45312 0.29688
vt 0.45312 0.45312
vt 0.29688 0.45312
vn 0 0 1
f 3121/3121/781 3122/3122/781 3123/3123/781 3124/3124/781
v 0.08903 -0.35265 -0.19971
v 0.01765 -0.35265 -0.19971
v 0.01765 -0.28127 -0.19971
v 0.08903 -0.28127 -0.19971
vt 0.29688 0.29688
vt 0.45312 0.29688
vt 0.45312 0.45312
vt 0.29688 0.45312
vn 0 0 -1
f 3125/3125/782 3126/3126/782 3127/3127/782 3128/3128/782
v 0.08903 -0.35265 -0.15625
v 0.08903 -0.35265 -0.19971
v 0.08903 -0.28127 -0.19971
v 0.08903 -0.28127 -0.15625
vt 0.29688 0.29688
vt 0.45312 0.29688
vt 0.45312 0.45312
vt 0.29688 0.45312
vn 1 0 0
f 3129/3129/783 3130/3130/783 3131/3131/783 3132/3132/783
v 0.01765 -0.35265 -0.19971
v 0.01765 -0.35265 -0.15625
v 0.01765 -0.28127 -0.15625
v 0.01765 -0.28127 -0.19971
vt 0.29688 0.29688
vt 0.45312 0.29688
vt 0.45312 0.45312
vt 0.29688 0.45312
vn -1 0 0
f 3133/3133/784 3134/3134/784 3135/3135/784 3136/3136/784
v 0.01765 -0.28127 -0.15625
v 0.08903 -0.28127 -0.15625
v 0.08903 -0.28127 -0.19971
v 0.01765 -0.28127 -0.19971
vt 0.29688 0.29688
vt 0.45312 0.29688
vt 0.45312 0.45312
vt 0.29688 0.45312
vn 0 1 0
f 3137/3137/785 3138/3138/785 3139/3139/785 3140/3140/785
v 0.01765 -0.35265 -0.19971
v 0.08903 -0.35265 -0.19971
v 0.08903 -0.35265 -0.15625
v 0.01765 -0.35265 -0.15625
vt 0.29688 0.29688
vt 0.45312 0.29688
vt 0.45312 0.45312
vt 0.29688 0.45312
vn 0 -1 0
f 3141/3141/786 3142/3142/786 3143/3143/786 3144/3144/786
v 0.11688 0.15625 0.01765
v 0.17103 0.15625 0.01765
v 0.17103 0.18818 0.01765
v 0.11688 0.18818 0.01765
vt 0.04688 0.04688
vt 0.20312 0.04688
vt 0.20312 0.20312
vt 0.04688 0.20312
vn 0 0 1
f 3145/3145/787 3146/3146/787 3147/3147/787 3148/3148/787
v 0.17103 0.15625 -0.03650
v 0.11688 0.15625 -0.03650
v 0.11688 0.18818 -0.03650
v 0.17103 0.18818 -0.03650
vt 0.04688 0.04688
vt 0.20312 0.04688
vt 0.20312 0.20312
vt 0.04688 0.20312
vn 0 0 -1
f 3149/3149/788 3150/3150/788 3151/3151/788 3152/3152/788
v 0.17103 0.15625 0.01765
v 0.17103 0.15625 -0.03650
v 0.17103 0.18818 -0.03650
v 0.17103 0.18818 0.01765
vt 0.04688 0.04688
vt 0.20312 0.04688
vt 0.20312 0.20312
vt 0.04688 0.20312
vn 1 0 0
f 3153/3153/789 3154/3154/789 3155/3155/789 3156/3156/789
v 0.11688 0.15625 -0.03650
v 0.11688 0.15625 0.01765
v 0.11688 0.18818 0.01765
v 0.11688 0.18818 -0.03650
vt 0.04688 0.04688
vt 0.20312 0.04688
vt 0.20312 0.20312
vt 0.04688 0.20312
vn -1 0 0
f 3157/3157/790 3158/3158/790 3159/3159/790 3160/3160/790
v 0.11688 0.18818 0.01765
v 0.17103 0.18818 0.01765
v 0.17103 0.18818 -0.03650
v 0.11688 0.18818 -0.03650
vt 0.04688 0.04688
vt 0.20312 0.04688
vt 0.20312 0.20312
vt 0.04688 0.20312
vn 0 1 0
f 3161/3161/791 3162/3162/791 3163/3163/791 3164/3164/791
v 0.11688 0.15625 -0.03650
v 0.17103 0.15625 -0.03650
v 0.17103 0.15625 0.01765
v 0.11688 0.15625 0.01765
vt 0.04688 0.04688
vt 0.20312 0.04688
vt 0.20312 0.20312
vt 0.04688 0.20312
vn 0 -1 0
f 3165/3165/792 3166/3166/792 3167/3167/792 3168/3168/792
v 0.08607 -0.23351 0.19191
v 0.13987 -0.23351 0.19191
v 0.13987 -0.17971 0.19191
v 0.08607 -0.17971 0.19191
vt 0.29688 0.29688
vt 0.45312 0.29688
vt 0.45312 0.45312
vt 0.29688 0.45312
vn 0 0 1
f 3169/3169/793 3170/3170/793 3171/3171/793 3172/3172/793
v 0.13987 -0.23351 0.15625
v 0.08607 -0.23351 0.15625
v 0.08607 -0.17971 0.15625
v 0.13987 -0.17971 0.15625
vt 0.29688 0.29688
vt 0.45312 0.29688
vt 0.45312 0.45312
vt 0.29688 0.45312
vn 0 0 -1
f 3173/3173/794 3174/3174/794 3175/3175/794 3176/3176/794
v 0.13987 -0.23351 0.19191
v 0.13987 -0.23351 0.15625
v 0.13987 -0.17971 0.15625
v 0.13987 -0.17971 0.19191
vt 0.29688 0.29688
vt 0.45312 0.29688
vt 0.45312 0.45312
vt 0.29688 0.45312
vn 1 0 0
f 3177/3177/795 3178/3178/795 3179/3179/795 3180/3180/795
v 0.08607 -0.23351 0.15625
v 0.08607 -0.23351 0.19191
v 0.08607 -0.17971 0.19191
v 0.08607 -0.17971 0.15625
vt 0.29688 0.29688
vt 0.45312 0.29688
vt 0.45312 0.45312
vt 0.29688 0.45312
vn -1 0 0
f 3181/3181/796 3182/3182/796 3183/3183/796 3184/3184/796
v 0.08607 -0.17971 0.19191
v 0.13987 -0.17971 0.19191
v 0.13987 -0.17971 0.15625
v 0.08607 -0.17971 0.15625
vt 0.29688 0.29688
vt 0.45312 0.29688
vt 0.45312 0.45312
vt 0.29688 0.45312
vn 0 1 0
f 3185/3185/797 3186/3186/797 3187/3187/797 3188/3188/797
v 0.08607 -0.23351 0.15625
v 0.13987 -0.23351 0.15625
v 0.13987 -0.23351 0.19191
v 0.08607 -0.23351 0.19191
vt 0.29688 0.29688
vt 0.45312 0.29688
vt 0.45312 0.45312
vt 0.29688 0.45312
vn 0 -1 0
f 3189/3189/798 3190/3190/798 3191/3191/798 3192/3192/798
v 0.21875 -0.34840 0.07113
v 0.25090 -0.34840 0.07113
v 0.25090 -0.28426 0.07113
v 0.21875 -0.28426 0.07113
vt 0.79688 0.29688
vt 0.95312 0.29688
vt 0.95312 0.45312
vt 0.79688 0.45312
vn 0 0 1
f 3193/3193/799 3194/3194/799 3195/3195/799 3196/3196/799
v 0.25090 -0.34840 0.00698
v 0.21875 -0.34840 0.00698
v 0.21875 -0.28426 0.00698
v 0.25090 -0.28426 0.00698
vt 0.79688 0.29688
vt 0.95312 0.29688
vt 0.95312 0.45312
vt 0.79688 0.45312
vn 0 0 -1
f 3197/3197/800 3198/3198/800 3199/3199/800 3200/3200/800
v 0.25090 -0.34840 0.07113
v 0.25090 -0.34840 0.00698
v 0.25090 -0.28426 0.00698
v 0.25090 -0.28426 0.07113
vt 0.79688 0.29688
vt 0.95312 0.29688
vt 0.95312 0.45312
vt 0.79688 0.45312
vn 1 0 0
f 3201/3201/801 3202/3202/801 3203/3203/801 3204/3204/801
v 0.21875 -0.34840 0.00698
v 0.21875 -0.34840 0.07113
v 0.21875 -0.28426 0.07113
v 0.21875 -0.28426 0.00698
vt 0.79688 0.29688
vt 0.95312 0.29688
vt 0.95312 0.45312
vt 0.79688 0.45312
vn -1 0 0
f 3205/3205/802 3206/3206/802 3207/3207/802 3208/3208/802
v 0.21875 -0.28426 0.07113
v 0.25090 -0.28426 0.07113
v 0.25090 -0.28426 0.00698
v 0.21875 -0.28426 0.00698
vt 0.79688 0.29688
vt 0.95312 0.29688
vt 0.95312 0.45312
vt 0.79688 0.45312
vn 0 1 0
f 3209/3209/803 3210/3210/803 3211/3211/803 3212/3212/803
v 0.21875 -0.34840 0.00698
v 0.25090 -0.34840 0.00698
v 0.25090 -0.34840 0.07113
v 0.21875 -0.34840 0.07113
vt 0.79688 0.29688
vt 0.95312 0.29688
vt 0.95312 0.45312
vt 0.79688 0.45312
vn 0 -1 0
f 3213/3213/804 3214/3214/804 3215/3215/804 3216/3216/804
v 0.01416 -0.03841 0.20330
v 0.08028 -0.03841 0.20330
v 0.08028 0.02771 0.20330
v 0.01416 0.02771 0.20330
vt 0.79688 0.29688
vt 0.95312 0.29688
vt 0.95312 0.45312
vt 0.79688 0.45312
vn 0 0 1
f 3217/3217/805 3218/3218/805 3219/3219/805 3220/3220/805
v 0.08028 -0.03841 0.15625
v 0.01416 -0.03841 0.15625
v 0.01416 0.02771 0.15625
v 0.08028 0.02771 0.15625
vt 0.79688 0.29688
vt 0.95312 0.29688
vt 0.95312 0.45312
vt 0.79688 0.45312
vn 0 0 -1
f 3221/3221/806 3222/3222/806 3223/3223/806 3224/3224/806
v 0.08028 -0.03841 0.20330
v 0.08028 -0.03841 0.15625
v 0.08028 0.02771 0.15625
v 0.08028 0.02771 0.20330
vt 0.79688 0.29688
vt 0.95312 0.29688
vt 0.95312 0.45312
vt 0.79688 0.45312
vn 1 0 0
f 3225/3225/807 3226/3226/807 3227/3227/807 3228/3228/807
v 0.01416 -0.03841 0.15625
v 0.01416 -0.03841 0.20330
v 0.01416 0.02771 0.20330
v 0.01416 0.02771 0.15625
vt 0.79688 0.29688
vt 0.95312 0.29688
vt 0.95312 0.45312
vt 0.79688 0.45312
vn -1 0 0
f 3229/3229/808 3230/3230/808 3231/3231/808 3232/3232/808
v 0.01416 0.02771 0.20330
v 0.08028 0.02771 0.20330
v 0.08028 0.02771 0.15625
v 0.01416 0.02771 0.15625
vt 0.79688 0.29688
vt 0.95312 0.29688
vt 0.95312 0.45312
vt 0.79688 0.45312
vn 0 1 0
f 3233/3233/809 3234/3234/809 3235/3235/809 3236/3236/809
v 0.01416 -0.03841 0.15625
v 0.08028 -0.03841 0.15625
v 0.08028 -0.03841 0.20330
v 0.01416 -0.03841 0.20330
vt 0.79688 0.29688
vt 0.95312 0.29688
vt 0.95312 0.45312
vt 0.79688 0.45312
vn 0 -1 0
f 3237/3237/810 3238/3238/810 3239/3239/810 3240/3240/810
v 0.21875 -0.02741 -0.06314
v 0.25481 -0.02741 -0.06314
v 0.25481 0.04550 -0.06314
v 0.21875 0.04550 -0.06314
vt 0.54688 0.29688
vt 0.70312 0.29688
vt 0.70312 0.45312
vt 0.54688 0.45312
vn 0 0 1
f 3241/3241/811 3242/3242/811 3243/3243/811 3244/3244/811
v 0.25481 -0.02741 -0.13606
v 0.21875 -0.02741 -0.13606
v 0.21875 0.04550 -0.13606
v 0.25481 0.04550 -0.13606
vt 0.54688 0.29688
vt 0.70312 0.29688
vt 0.70312 0.45312
vt 0.54688 0.45312
vn 0 0 -1
f 3245/3245/812 3246/3246/812 3247/3247/812 3248/3248/812
v 0.25481 -0.02741 -0.06314
v 0.25481 -0.02741 -0.13606
v 0.25481 0.04550 -0.13606
v 0.25481 0.04550 -0.06314
vt 0.54688 0.29688
vt 0.70312 0.29688
vt 0.70312 0.45312
vt 0.54688 0.45312
vn 1 0 0
f 3249/3249/813 3250/3250/813 3251/3251/813 3252/3252/813
v 0.21875 -0.02741 -0.13606
v 0.21875 -0.02741 -0.06314
v 0.21875 0.04550 -0.06314
v 0.21875 0.04550 -0.13606
vt 0.54688 0.29688
vt 0.70312 0.29688
vt 0.70312 0.45312
vt 0.54688 0.45312
vn -1 0 0
f 3253/3253/814 3254/3254/814 3255/3255/814 3256/3256/814
v 0.21875 0.04550 -0.06314
v 0.25481 0.04550 -0.06314
v 0.25481 0.04550 -0.13606
v 0.21875 0.04550 -0.13606
vt 0.54688 0.29688
vt 0.70312 0.29688
vt 0.70312 0.45312
vt 0.54688 0.45312
vn 0 1 0
f 3257/3257/815 3258/3258/815 3259/3259/815 3260/3260/815
v 0.21875 -0.02741 -0.13606
v 0.25481 -0.02741 -0.13606
v 0.25481 -0.02741 -0.06314
v 0.21875 -0.02741 -0.06314
vt 0.54688 0.29688
vt 0.70312 0.29688
vt 0.70312 0.45312
vt 0.54688 0.45312
vn 0 -1 0
f 3261/3261/816 3262/3262/816 3263/3263/816 3264/3264/816
v 0.10077 -0.08183 0.20103
v 0.16894 -0.08183 0.20103
v 0.16894 -0.01366 0.20103
v 0.10077 -0.01366 0.20103
vt 0.04688 0.04688
vt 0.20312 0.04688
vt 0.20312 0.20312
vt 0.04688 0.20312
vn 0 0 1
f 3265/3265/817 3266/3266/817 3267/3267/817 3268/3268/817
v 0.16894 -0.08183 0.15625
v 0.10077 -0.08183 0.15625
v 0.10077 -0.01366 0.15625
v 0.16894 -0.01366 0.15625
vt 0.04688 0.04688
vt 0.20312 0.04688
vt 0.20312 0.20312
vt 0.04688 0.20312
vn 0 0 -1
f 3269/3269/818 3270/3270/818 3271/3271/818 3272/3272/818
v 0.16894 -0.08183 0.20103
v 0.16894 -0.08183 0.15625
v 0.16894 -0.01366 0.15625
v 0.16894 -0.01366 0.20103
vt 0.04688 0.04688
vt 0.20312 0.04688
vt 0.20312 0.20312
vt 0.04688 0.20312
vn 1 0 0
f 3273/3273/819 3274/3274/819 3275/3275/819 3276/3276/819
v 0.10077 -0.08183 0.15625
v 0.10077 -0.08183 0.20103
v 0.10077 -0.01366 0.20103
v 0.10077 -0.01366 0.15625
vt 0.04688 0.04688
vt 0.20312 0.04688
vt 0.20312 0.20312
vt 0.04688 0.20312
vn -1 0 0
f 3277/3277/820 3278/3278/820 3279/3279/820 3280/3280/820
v 0.10077 -0.01366 0.20103
v 0.16894 -0.01366 0.20103
v 0.16894 -0.01366 0.15625
v 0.10077 -0.01366 0.15625
vt 0.04688 0.04688
vt 0.20312 0.04688
vt 0.20312 0.20312
vt 0.04688 0.20312
vn 0 1 0
f 3281/3281/821 3282/3282/821 3283/3283/821 3284/3284/821
v 0.10077 -0.08183 0.15625
v 0.16894 -0.08183 0.15625
v 0.16894 -0.08183 0.20103
v 0.10077 -0.08183 0.20103
vt 0.04688 0.04688
vt 0.20312 0.04688
vt 0.20312 0.20312
vt 0.04688 0.20312
vn 0 -1 0
f 3285/3285/822 3286/3286/822 3287/3287/822 3288/3288/822
v 0.21875 -0.08520 -0.02708
v 0.27078 -0.08520 -0.02708
v 0.27078 0.00465 -0.02708
v 0.21875 0.00465 -0.02708
vt 0.54688 0.29688
vt 0.70312 0.29688
vt 0.70312 0.45312
vt 0.54688 0.45312
vn 0 0 1
f 3289/3289/823 3290/3290/823 3291/3291/823 3292/3292/823
v 0.27078 -0.08520 -0.11693
v 0.21875 -0.08520 -0.11693
v 0.21875 0.00465 -0.11693
v 0.27078 0.00465 -0.11693
vt 0.54688 0.29688
vt 0.70312 0.29688
vt 0.70312 0.45312
vt 0.54688 0.45312
vn 0 0 -1
f 3293/3293/824 3294/3294/824 3295/3295/824 3296/3296/824
v 0.27078 -0.08520 -0.02708
v 0.27078 -0.08520 -0.11693
v 0.27078 0.00465 -0.11693
v 0.27078 0.00465 -0.02708
vt 0.54688 0.29688
vt 0.70312 0.29688
vt 0.70312 0.45312
vt 0.54688 0.45312
vn 1 0 0
f 3297/3297/825 3298/3298/825 3299/3299/825 3300/3300/825
v 0.21875 -0.08520 -0.11693
v 0.21875 -0.08520 -0.02708
v 0.21875 0.00465 -0.02708
v 0.21875 0.00465 -0.11693
vt 0.54688 0.29688
vt 0.70312 0.29688
vt 0.70312 0.45312
vt 0.54688 0.45312
vn -1 0 0
f 3301/3301/826 3302/3302/826 3303/3303/826 3304/3304/826
v 0.21875 0.00465 -0.02708
v 0.27078 0.00465 -0.02708
v 0.27078 0.00465 -0.11693
v 0.21875 0.00465 -0.11693
vt 0.54688 0.29688
vt 0.70312 0.29688
vt 0.70312 0.45312
vt 0.54688 0.45312
vn 0 1 0
f 3305/3305/827 3306/3306/827 3307/3307/827 3308/3308/827
v 0.21875 -0.08520 -0.11693
v 0.27078 -0.08520 -0.11693
v 0.27078 -0.08520 -0.02708
v 0.21875 -0.08520 -0.02708
vt 0.54688 0.29688
vt 0.70312 0.29688
vt 0.70312 0.45312
vt 0.54688 0.45312
vn 0 -1 0
f 3309/3309/828 3310/3310/828 3311/3311/828 3312/3312/828
v 0.21875 -0.20604 0.05509
v 0.25481 -0.20604 0.05509
v 0.25481 -0.11545 0.05509
v 0.21875 -0.11545 0.05509
vt 0.29688 0.29688
vt 0.45312 0.29688
vt 0.45312 0.45312
vt 0.29688 0.45312
vn 0 0 1
f 3313/3313/829 3314/3314/829 3315/3315/829 3316/3316/829
v 0.25481 -0.20604 -0.03550
v 0.21875 -0.20604 -0.03550
v 0.21875 -0.11545 -0.03550
v 0.25481 -0.11545 -0.03550
vt 0.29688 0.29688
vt 0.45312 0.29688
vt 0.45312 0.45312
vt 0.29688 0.45312
vn 0 0 -1
f 3317/3317/830 3318/3318/830 3319/3319/830 3320/3320/830
v 0.25481 -0.20604 0.05509
v 0.25481 -0.20604 -0.03550
v 0.25481 -0.11545 -0.03550
v 0.25481 -0.11545 0.05509
vt 0.29688 0.29688
vt 0.45312 0.29688
vt 0.45312 0.45312
vt 0.29688 0.45312
vn 1 0 0
f 3321/3321/831 3322/3322/831 3323/3323/831 3324/3324/831
v 0.21875 -0.20604 -0.03550
v 0.21875 -0.20604 0.05509
v 0.21875 -0.11545 0.05509
v 0.21875 -0.11545 -0.03550
vt 0.29688 0.29688
vt 0.45312 0.29688
vt 0.45312 0.45312
vt 0.29688 0.45312
vn -1 0 0
f 3325/3325/832 3326/3326/832 3327/3327/832 3328/3328/832
v 0.21875 -0.11545 0.05509
v 0.25481 -0.11545 0.05509
v 0.25481 -0.11545 -0.03550
v 0.21875 -0.11545 -0.03550
vt 0.29688 0.29688
vt 0.45312 0.29688
vt 0.45312 0.45312
vt 0.29688 0.45312
vn 0 1 0
f 3329/3329/833 3330/3330/833 3331/3331/833 3332/3332/833
v 0.21875 -0.20604 -0.03550
v 0.25481 -0.20604 -0.03550
v 0.25481 -0.20604 0.05509
v 0.21875 -0.20604 0.05509
vt 0.29688 0.29688
vt 0.45312 0.29688
vt 0.45312 0.45312
vt 0.29688 0.45312
vn 0 -1 0
f 3333/3333/834 3334/3334/834 3335/3335/834 3336/3336/834
v 0.04007 -0.36816 0.22147
v 0.12263 -0.36816 0.22147
v 0.12263 -0.28560 0.22147
v 0.04007 -0.28560 0.22147
vt 0.29688 0.29688
vt 0.45312 0.29688
vt 0.45312 0.45312
vt 0.29688 0.45312
vn 0 0 1
f 3337/3337/835 3338/3338/835 3339/3339/835 3340/3340/835
v 0.12263 -0.36816 0.15625
v 0.04007 -0.36816 0.15625
v 0.04007 -0.28560 0.15625
v 0.12263 -0.28560 0.15625
vt 0.29688 0.29688
vt 0.45312 0.29688
vt 0.45312 0.45312
vt 0.29688 0.45312
vn 0 0 -1
f 3341/3341/836 3342/3342/836 3343/3343/836 3344/3344/836
v 0.12263 -0.36816 0.22147
v 0.12263 -0.36816 0.15625
v 0.12263 -0.28560 0.15625
v 0.12263 -0.28560 0.22147
vt 0.29688 0.29688
vt 0.45312 0.29688
vt 0.45312 0.45312
vt 0.29688 0.45312
vn 1 0 0
f 3345/3345/837 3346/3346/837 3347/3347/837 3348/3348/837
v 0.04007 -0.36816 0.15625
v 0.04007 -0.36816 0.22147
v 0.04007 -0.28560 0.22147
v 0.04007 -0.28560 0.15625
vt 0.29688 0.29688
vt 0.45312 0.29688
vt 0.45312 0.45312
vt 0.29688 0.45312
vn -1 0 0
f 3349/3349/838 3350/3350/838 3351/3351/838 3352/3352/838
v 0.04007 -0.28560 0.22147
v 0.12263 -0.28560 0.22147
v 0.12263 -0.28560 0.15625
v 0.04007 -0.28560 0.15625
vt 0.29688 0.29688
vt 0.45312 0.29688
vt 0.45312 0.45312
vt 0.29688 0.45312
vn 0 1 0
f 3353/3353/839 3354/3354/839 3355/3355/839 3356/3356/839
v 0.04007 -0.36816 0.15625
v 0.12263 -0.36816 0.15625
v 0.12263 -0.36816 0.22147
v 0.04007 -0.36816 0.22147
vt 0.29688 0.29688
vt 0.45312 0.29688
vt 0.45312 0.45312
vt 0.29688 0.45312
vn 0 -1 0
f 3357/3357/840 3358/3358/840 3359/3359/840 3360/3360/840
v 0.13848 0.15625 -0.08017
v 0.19268 0.15625 -0.08017
v 0.19268 0.17370 -0.08017
v 0.13848 0.17370 -0.08017
vt 0.29688 0.29688
vt 0.45312 0.29688
vt 0.45312 0.45312
vt 0.29688 0.45312
vn 0 0 1
f 3361/3361/841 3362/3362/841 3363/3363/841 3364/3364/841
v 0.19268 0.15625 -0.13437
v 0.13848 0.15625 -0.13437
v 0.13848 0.17370 -0.13437
v 0.19268 0.17370 -0.13437
vt 0.29688 0.29688
vt 0.45312 0.29688
vt 0.45312 0.45312
vt 0.29688 0.45312
vn 0 0 -1
f 3365/3365/842 3366/3366/842 3367/3367/842 3368/3368/842
v 0.19268 0.15625 -0.08017
v 0.19268 0.15625 -0.13437
v 0.19268 0.17370 -0.13437
v 0.19268 0.17370 -0.08017
vt 0.29688 0.29688
vt 0.45312 0.29688
vt 0.45312 0.45312
vt 0.29688 0.45312
vn 1 0 0
f 3369/3369/843 3370/3370/843 3371/3371/843 3372/3372/843
v 0.13848 0.15625 -0.13437
v 0.13848 0.15625 -0.08017
v 0.13848 0.17370 -0.08017
v 0.13848 0.17370 -0.13437
vt 0.29688 0.29688
vt 0.45312 0.29688
vt 0.45312 0.45312
vt 0.29688 0.45312
vn -1 0 0
f 3373/3373/844 3374/3374/844 3375/3375/844 3376/3376/844
v 0.13848 0.17370 -0.08017
v 0.19268 0.17370 -0.08017
v 0.19268 0.17370 -0.13437
v 0.13848 0.17370 -0.13437
vt 0.29688 0.29688
vt 0.45312 0.29688
vt 0.45312 0.45312
vt 0.29688 0.45312
vn 0 1 0
f 3377/3377/845 3378/3378/845 3379/3379/845 3380/3380/845
v 0.13848 0.15625 -0.13437
v 0.19268 0.15625 -0.13437
v 0.19268 0.15625 -0.08017
v 0.13848 0.15625 -0.08017
vt 0.29688 0.29688
vt 0.45312 0.29688
vt 0.45312 0.45312
vt 0.29688 0.45312
vn 0 -1 0
f 3381/3381/846 3382/3382/846 3383/3383/846 3384/3384/846
v -0.03052 -0.41615 -0.15625
v 0.02436 -0.41615 -0.15625
v 0.02436 -0.36128 -0.15625
v -0.03052 -0.36128 -0.15625
vt 0.04688 0.04688
vt 0.20312 0.04688
vt 0.20312 0.20312
vt 0.04688 0.20312
vn 0 0 1
f 3385/3385/847 3386/3386/847 3387/3387/847 3388/3388/847
v 0.02436 -0.41615 -0.22206
v -0.03052 -0.41615 -0.22206
v -0.03052 -0.36128 -0.22206
v 0.02436 -0.36128 -0.22206
vt 0.04688 0.04688
vt 0.20312 0.04688
vt 0.20312 0.20312
vt 0.04688 0.20312
vn 0 0 -1
f 3389/3389/848 3390/3390/848 3391/3391/848 3392/3392/848
v 0.02436 -0.41615 -0.15625
v 0.02436 -0.41615 -0.22206
v 0.02436 -0.36128 -0.22206
v 0.02436 -0.36128 -0.15625
vt 0.04688 0.04688
vt 0.20312 0.04688
vt 0.20312 0.20312
vt 0.04688 0.20312
vn 1 0 0
f 3393/3393/849 3394/3394/849 3395/3395/849 3396/3396/849
v -0.03052 -0.41615 -0.22206
v -0.03052 -0.41615 -0.15625
v -0.03052 -0.36128 -0.15625
v -0.03052 -0.36128 -0.22206
vt 0.04688 0.04688
vt 0.20312 0.04688
vt 0.20312 0.20312
vt 0.04688 0.20312
vn -1 0 0
f 3397/3397/850 3398/3398/850 3399/3399/850 3400/3400/850
v -0.03052 -0.36128 -0.15625
v 0.02436 -0.36128 -0.15625
v 0.02436 -0.36128 -0.22206
v -0.03052 -0.36128 -0.22206
vt 0.04688 0.04688
vt 0.20312 0.04688
vt 0.20312 0.20312
vt 0.04688 0.20312
vn 0 1 0
f 3401/3401/851 3402/3402/851 3403/3403/851 3404/3404/851
v -0.03052 -0.41615 -0.22206
v 0.02436 -0.41615 -0.22206
v 0.02436 -0.41615 -0.15625
v -0.03052 -0.41615 -0.15625
vt 0.04688 0.04688
vt 0.20312 0.04688
vt 0.20312 0.20312
vt 0.04688 0.20312
vn 0 -1 0
f 3405/3405/852 3406/3406/852 3407/3407/852 3408/3408/852
v -0.01079 0.15625 0.14846
v 0.05612 0.15625 0.14846
v 0.05612 0.18502 0.14846
v -0.01079 0.18502 0.14846
vt 0.79688 0.29688
vt 0.95312 0.29688
vt 0.95312 0.45312
vt 0.79688 0.45312
vn 0 0 1
f 3409/3409/853 3410/3410/853 3411/3411/853 3412/3412/853
v 0.05612 0.15625 0.08155
v -0.01079 0.15625 0.08155
v -0.01079 0.18502 0.08155
v 0.05612 0.18502 0.08155
vt 0.79688 0.29688
vt 0.95312 0.29688
vt 0.95312 0.45312
vt 0.79688 0.45312
vn 0 0 -1
f 3413/3413/854 3414/3414/854 3415/3415/854 3416/3416/854
v 0.05612 0.15625 0.14846
v 0.05612 0.15625 0.08155
v 0.05612 0.18502 0.08155
v 0.05612 0.18502 0.14846
vt 0.79688 0.29688
vt 0.95312 0.29688
vt 0.95312 0.45312
vt 0.79688 0.45312
vn 1 0 0
f 3417/3417/855 3418/3418/855 3419/3419/855 3420/3420/855
v -0.01079 0.15625 0.08155
v -0.01079 0.15625 0.14846
v -0.01079 0.18502 0.14846
v -0.01079 0.18502 0.08155
vt 0.79688 0.29688
vt 0.95312 0.29688
vt 0.95312 0.45312
vt 0.79688 0.45312
vn -1 0 0
f 3421/3421/856 3422/3422/856 3423/3423/856 3424/3424/856
v -0.01079 0.18502 0.14846
v 0.05612 0.18502 0.14846
v 0.05612 0.18502 0.08155
v -0.01079 0.18502 0.08155
vt 0.79688 0.29688
vt 0.95312 0.29688
vt 0.95312 0.45312
vt 0.79688 0.45312
vn 0 1 0
f 3425/3425/857 3426/3426/857 3427/3427/857 3428/3428/857
v -0.01079 0.15625 0.08155
v 0.05612 0.15625 0.08155
v 0.05612 0.15625 0.14846
v -0.01079 0.15625 0.14846
vt 0.79688 0.29688
vt 0.95312 0.29688
vt 0.95312 0.45312
vt 0.79688 0.45312
vn 0 -1 0
f 3429/3429/858 3430/3430/858 3431/3431/858 3432/3432/858
v 0.07466 0.02681 -0.15625
v 0.14934 0.02681 -0.15625
v 0.14934 0.10149 -0.15625
v 0.07466 0.10149 -0.15625
vt 0.29688 0.29688
vt 0.45312 0.29688
vt 0.45312 0.45312
vt 0.29688 0.45312
vn 0 0 1
f 3433/3433/859 3434/3434/859 3435/3435/859 3436/3436/859
v 0.14934 0.02681 -0.20812
v 0.07466 0.02681 -0.20812
v 0.07466 0.10149 -0.20812
v 0.14934 0.10149 -0.20812
vt 0.29688 0.29688
vt 0.45312 0.29688
vt 0.45312 0.45312
vt 0.29688 0.45312
vn 0 0 -1
f 3437/3437/860 3438/3438/860 3439/3439/860 3440/3440/860
v 0.14934 0.02681 -0.15625
v 0.14934 0.02681 -0.20812
v 0.14934 0.10149 -0.20812
v 0.14934 0.10149 -0.15625
vt 0.29688 0.29688
vt 0.45312 0.29688
vt 0.45312 0.45312
vt 0.29688 0.45312
vn 1 0 0
f 3441/3441/861 3442/3442/861 3443/3443/861 3444/3444/861
v 0.07466 0.02681 -0.20812
v 0.07466 0.02681 -0.15625
v 0.07466 0.10149 -0.15625
v 0.07466 0.10149 -0.20812
vt 0.29688 0.29688
vt 0.45312 0.29688
vt 0.45312 0.45312
vt 0.29688 0.45312
vn -1 0 0
f 3445/3445/862 3446/3446/862 3447/3447/862 3448/3448/862
v 0.07466 0.10149 -0.15625
v 0.14934 0.10149 -0.15625
v 0.14934 0.10149 -0.20812
v 0.07466 0.10149 -0.20812
vt 0.29688 0.29688
vt 0.45312 0.29688
vt 0.45312 0.45312
vt 0.29688 0.45312
vn 0 1 0
f 3449/3449/863 3450/3450/863 3451/3451/863 3452/3452/863
v 0.07466 0.02681 -0.20812
v 0.14934 0.02681 -0.20812
v 0.14934 0.02681 -0.15625
v 0.07466 0.02681 -0.15625
vt 0.29688 0.29688
vt 0.45312 0.29688
vt 0.45312 0.45312
vt 0.29688 0.45312
vn 0 -1 0
f 3453/3453/864 3454/3454/864 3455/3455/864 3456/3456/864
v -0.16803 -0.05405 0.12334
v -0.09375 -0.05405 0.12334
v -0.09375 0.03380 0.12334
v -0.16803 0.03380 0.12334
vt 0.79688 0.29688
vt 0.95312 0.29688
vt 0.95312 0.45312
vt 0.79688 0.45312
vn 0 0 1
f 3457/3457/865 3458/3458/865 3459/3459/865 3460/3460/865
v -0.09375 -0.05405 0.03549
v -0.16803 -0.05405 0.03549
v -0.16803 0.03380 0.03549
v -0.09375 0.03380 0.03549
vt 0.79688 0.29688
vt 0.95312 0.29688
vt 0.95312 0.45312
vt 0.79688 0.45312
vn 0 0 -1
f 3461/3461/866 3462/3462/866 3463/3463/866 3464/3464/866
v -0.09375 -0.05405 0.12334
v -0.09375 -0.05405 0.03549
v -0.09375 0.03380 0.03549
v -0.09375 0.03380 0.12334
vt 0.79688 0.29688
vt 0.95312 0.29688
vt 0.95312 0.45312
vt 0.79688 0.45312
vn 1 0 0
f 3465/3465/867 3466/3466/867 3467/3467/867 3468/3468/867
v -0.16803 -0.05405 0.03549
v -0.16803 -0.05405 0.12334
v -0.16803 0.03380 0.12334
v -0.16803 0.03380 0.03549
vt 0.79688 0.29688
vt 0.95312 0.29688
vt 0.95312 0.45312
vt 0.79688 0.45312
vn -1 0 0
f 3469/3469/868 3470/3470/868 3471/3471/868 3472/3472/868
v -0.16803 0.03380 0.12334
v -0.09375 0.03380 0.12334
v -0.09375 0.03380 0.03549
v -0.16803 0.03380 0.03549
vt 0.79688 0.29688
vt 0.95312 0.29688
vt 0.95312 0.45312
vt 0.79688 0.45312
vn 0 1 0
f 3473/3473/869 3474/3474/869 3475/3475/869 3476/3476/869
v -0.16803 -0.05405 0.03549
v -0.09375 -0.05405 0.03549
v -0.09375 -0.05405 0.12334
v -0.16803 -0.05405 0.12334
vt 0.79688 0.29688
vt 0.95312 0.29688
vt 0.95312 0.45312
vt 0.79688 0.45312
vn 0 -1 0
f 3477/3477/870 3478/3478/870 3479/3479/870 3480/3480/870
